"win_rate","rtb_roi_paced","frequency","frequency_duration_days","portfolio","campaign_name","pace_budget","clicks_raw","actual_spend","portfolio_status","username","bid_rate","pid","yest_budget","impressions_raw","spend_miss","bids_raw","cpm","cid","spend_rate","userid","budget","requests_raw","data_date"
0.335,FALSE,22,0,"tommy_e2e_image_1481270343282","tommy_e2e_image_1481270343282",TRUE,0,0.01,"z","tommy_apac",0,1790007145,NA,66,0,197,0.151,1790153111,1,5099,0.01,1619115000,"2016-12-13"
0.24,FALSE,3,1,"Subway Catering","Subway Catering",TRUE,191,653.55,"a","duffey_subway",0.087,1700000000,NA,369438,-2.45,1540807,1.769,1700000001,1,5117,656,17837000,"2016-12-13"
0.293,FALSE,3,1,"Oakland County CU_Be Victorious","Oakland County CU_Be Victorious",TRUE,24,192.65,"a","duffey_oaklandcounty_cu",0.182,1700000000,NA,67159,0.05,229059,2.869,1700000000,1,5130,192.6,1261000,"2016-12-13"
0.51,TRUE,25,7,"ecobee3 lite - prospecting CAN","ecobee3 lite - prospecting CAN",TRUE,1207,14886,"z","ecobee",0.013,1700000006,15000,2260340,-114,4430519,6.586,1700000158,1,5101,15000,342098000,"2016-12-13"
0.277,TRUE,30,7,"enjoy prospecting","enjoy prospecting",TRUE,315,2255.04,"z","ecobee",0.959,1700000004,NA,329244,-7744.96,1188591,6.849,1700000152,1,5101,10000,1240000,"2016-12-13"
0.207,FALSE,15,7,"e3l USA remarketing","e3l USA remarketing",TRUE,4436,435.26,"a","ecobee",0.951,1700000003,NA,108666,-5064.74,523812,4.005,1700000151,1,5101,5500,555000,"2016-12-13"
0.305,FALSE,25,7,"ecobee3 lite - USA - prospecting","ecobee3 lite - USA - prospecting",TRUE,253,4787.86,"z","ecobee",0.195,1700000002,5000,1136531,-212.14,3720317,4.213,1700000150,1,5101,5000,19122000,"2016-12-13"
0.039,FALSE,5,1,"Rebate Campaign USA","Rebate Campaign USA",TRUE,1234,9957.57,"z","ecobee",0.184,1700000009,NA,6913530,-42.43,178583613,1.44,1700000171,1,5101,10000,973270000,"2016-12-13"
0.157,TRUE,25,7,"enjoy remarketing","enjoy remarketing",TRUE,85,652.13,"z","ecobee",0.991,1700000005,NA,69913,-1347.87,444067,9.328,1700000153,1,5101,2000,448000,"2016-12-13"
0.011,FALSE,10,7,"ellen","ellen",TRUE,86,121.81,"a","ecobee",1.003,1700000016,NA,21648,-4878.19,2030123,5.627,1700000204,1,5101,5000,2024000,"2016-12-13"
0.276,FALSE,25,7,"ecobee3 lite - canada -  remarketing","ecobee3 lite - canada -  remarketing",TRUE,111,327.71,"a","ecobee",0.884,1700000007,NA,72711,-4672.29,263440,4.507,1700000159,1,5101,5000,302000,"2016-12-13"
0.071,FALSE,25,7,"ecobee3 lite - prospecting - USA - media quotes","ecobee3 lite - prospecting - USA - media quotes",TRUE,711,4141.9,"z","ecobee",0.988,1700000008,NA,429943,-858.1,6021365,9.634,1700000160,1,5101,5000,6097000,"2016-12-13"
0.338,FALSE,5,1,"Kettering_Current Markets_Retargeting","Kettering_Current Markets_Retargeting",TRUE,15,222.77,"a","duffey_kettering",0.213,1000000001,NA,16669,-27.23,49348,13.365,1000000003,1,4815,250,282000,"2016-12-13"
0.277,FALSE,5,1,"Kettering_Expansion Markets_Retargeting","Kettering_Expansion Markets_Retargeting",TRUE,2,6.35,"a","duffey_kettering",0.321,1000000003,NA,801,-3.65,2890,7.932,1000000005,1,4815,10,27000,"2016-12-13"
0.035,FALSE,2,1,"Kettering_Current Markets_Prospecting","Kettering_Current Markets_Prospecting",TRUE,22,56.52,"a","duffey_kettering",0.031,1000000000,NA,88098,36.52,2497694,0.642,1000000002,1,4815,20,98389000,"2016-12-13"
0.185,FALSE,4,1,"Kettering_Expansion Markets_Prospecting","Kettering_Expansion Markets_Prospecting",TRUE,9,202.47,"a","duffey_kettering",0.162,1000000002,NA,78445,-0.53,423509,2.581,1000000004,1,4815,203,2624000,"2016-12-13"
0.193,FALSE,4,1,"AMO Display Retargeting - Condensed","AMO Display Retargeting - Condensed",TRUE,973,1197.68,"z","crocs_us_ca",0.111,1000000043,NA,255645,-2.32,1321758,4.685,1000001371,1,4035,1200,11913000,"2016-12-13"
0.075,FALSE,1,1,"AMO Display Prospecting","AMO Display Prospecting",TRUE,1797,1193.57,"z","crocs_us_ca",0.028,1000000044,NA,5605121,-6.43,74632630,0.213,1000001373,1,4035,1200,7957787000,"2016-12-13"
0.153,FALSE,1,4,"prospecting RTB NEW- 1","prospecting RTB NEW",TRUE,23,284.34,"a","creditcards_com",0,1000000073,NA,179108,-15.66,1173198,1.588,1000000672,1,4397,300,2779573000,"2016-12-13"
0.017,TRUE,1,1,"Redbox Retargeting Games","Redbox Retargeting Games",TRUE,16,102.19,"z","redbox",0.172,1000000047,NA,89399,-293.82,5277085,1.143,1000003978,1,4429,396.01,69593000,"2016-12-13"
0.108,TRUE,1,1,"Redbox Retargeting Evergreen_NEW","Redbox Retargeting Evergreen_NEW",TRUE,175,1341.14,"z","redbox",0.079,1000000033,733,531757,608.14,4918199,2.522,1000001966,1,4429,733,125920000,"2016-12-13"
0.13,FALSE,1,1,"Redbox - 2016 Holiday Advent","Redbox - 2016 Holiday Advent",TRUE,37,146.9,"a","redbox",0.053,1000000048,NA,104895,-0.1,805094,1.4,1000003989,1,4429,147,15200000,"2016-12-13"
0.033,TRUE,2,5,"Redbox Prospecting Evergreen_NEW","Redbox Prospecting Evergreen_NEW",TRUE,21,186.39,"z","redbox",0.029,1000000034,99,379210,87.39,11379341,0.492,1000001965,1,4429,99,6658550000,"2016-12-13"
0.504,FALSE,1,1,"MCUL_Display Grand Rapids","MCUL_Display Grand Rapids",TRUE,16,458.34,"z","duffy_cu",0.288,1000000012,NA,56464,3.34,111936,8.117,1000000130,1,4696,455,407000,"2016-12-13"
0.522,FALSE,4,1,"MCUL_Display Traverse City","MCUL_Display Traverse City",TRUE,5,125.34,"z","duffy_cu",0.255,1000000010,NA,15857,0.34,30361,7.904,1000000132,1,4696,125,129000,"2016-12-13"
0.126,FALSE,1,3,"MCUL_Display Detroit","MCUL_Display Detroit",TRUE,70,365.84,"z","duffy_cu",0.335,1000000013,NA,168079,15.84,1334171,2.177,1000000129,1,4696,350,5578000,"2016-12-13"
0.084,FALSE,1,1,"MCUL_Display Marquette","MCUL_Display Marquette",TRUE,1,23.12,"z","duffy_cu",0.838,1000000008,NA,7215,2.12,86278,3.205,1000000134,1,4696,21,237000,"2016-12-13"
0.376,FALSE,4,1,"MCUL_Display Alpena","MCUL_Display Alpena",TRUE,1,31.73,"z","duffy_cu",0.305,1000000007,NA,5035,-0.27,13402,6.302,1000000135,1,4696,32,57000,"2016-12-13"
0.053,FALSE,1,1,"MCUL_Display Lansing","MCUL_Display Lansing",TRUE,4,39.64,"z","duffy_cu",0.695,1000000009,NA,16851,6.64,317606,2.353,1000000133,1,4696,33,821000,"2016-12-13"
0.582,FALSE,4,1,"MCUL_Display_Multiple Counties","MCUL_Display_Multiple Counties",TRUE,9,218.49,"a","duffy_cu",0.528,1000000017,NA,26738,-1.51,45942,8.172,1000000199,1,4696,220,141000,"2016-12-13"
0.03,FALSE,6,1,"CORT RETAIL - National - Desktop","CORT RETAIL - National - Desktop",TRUE,391,496.71,"z","cort_furniture",0.146,1000000065,NA,761598,-3.29,25092894,0.652,1000000622,1,4542,500,171737000,"2016-12-13"
0.246,FALSE,3,1,"CORT - Retargeting Q3","CORT - Retargeting Q3",TRUE,38,288.75,"z","cort_furniture",0.173,1000000015,290,31840,-1.25,129185,9.069,1000000366,1,4542,290,788000,"2016-12-13"
0.031,FALSE,1,3,"CORT - Prospecting - Student","CORT - Prospecting - Student",TRUE,113,113.49,"z","cort_furniture",0.077,1000000017,NA,264713,1.49,8645613,0.429,1000000371,1,4542,112,405332000,"2016-12-13"
0.074,FALSE,1,1,"CORT - Retargeting - Student","CORT - Retargeting - Student",TRUE,0,0.44,"a","cort_furniture",0.546,1000000024,NA,122,-165.56,1638,3.641,1000000582,1,4542,166,4000,"2016-12-13"
0.139,FALSE,1,3,"CORT - Prospecting","CORT - Prospecting",TRUE,191,113.15,"z","cort_furniture",0.021,1000000008,NA,299096,-15.85,2146861,0.378,1000000349,1,4542,129,391340000,"2016-12-13"
0.086,FALSE,1,1,"CORT - Retargeting - Military","CORT - Retargeting - Military",TRUE,0,0.16,"a","cort_furniture",NA,1000000025,NA,39,-45.84,451,3.991,1000000583,1,4542,46,1000,"2016-12-13"
0.058,FALSE,6,1,"CORT RETAIL - National - Mobile","CORT RETAIL - National - Mobile",TRUE,815,499.26,"z","cort_furniture",0.299,1000000066,NA,251061,-0.74,4354847,1.989,1000000623,1,4542,500,22148000,"2016-12-13"
0.013,FALSE,1,1,"Member Segment Targeting","Member Segment Targeting",TRUE,78,227.28,"z","bonneville",0.569,1000000102,NA,124440,-2.72,9247928,1.826,1000002033,1,3737,230,16975000,"2016-12-13"
0.118,FALSE,3,1,"Previous Seasonal Visitor Targeting","Previous Seasonal Visitor Targeting",TRUE,261,1555.03,"a","bonneville",0.284,1000000103,NA,258500,-4.97,2192805,6.016,1000002034,1,3737,1560,7737000,"2016-12-13"
0.049,TRUE,1,5,"MD Prospecting Desktop 0827","MD Prospecting Desktop 0827",TRUE,1434,246.9,"z","bonneville",0.043,1000000066,NA,1064229,-1.1,21730649,0.232,1000001973,1,3737,248,2098375000,"2016-12-13"
0.061,FALSE,1,1,"Interest Retargeting - MD","Interest Retargeting - MD",TRUE,93,404.83,"z","bonneville",0.313,1000000101,NA,82035,-0.03,1342480,4.935,1000002031,1,3737,404.86,4327000,"2016-12-13"
0.041,FALSE,3,1,"Recent Seasonal Visitor Retargeting - MD","Recent Seasonal Visitor Retargeting - MD",TRUE,30,109.81,"a","bonneville",0.329,1000000104,NA,55100,-1616.19,1344117,1.993,1000002035,1,3737,1726,4091000,"2016-12-13"
0.086,TRUE,1,1,"TDA FY17 Client Targeting - Client Engagement > 8","TDA FY17 Client Targeting - Client Engagement > 8",TRUE,25,594.8,"z","td_ameritrade",0.027,1280000565,559,134244,35.31,1552563,4.431,1280015214,1,2521,559.49,57876000,"2016-12-13"
0.21,TRUE,1,1,"TDA FY17 Client Retargeting - Trader Clients","TDA FY17 Client Retargeting - Trader Clients",TRUE,67,1584.07,"z","td_ameritrade",0.13,1280000561,1600,246074,-16.34,1173022,6.437,1280015210,1,2521,1600.41,22696000,"2016-12-13"
0.248,FALSE,1,0,"TDA FY17 Client Targeting - Income Solutions","TDA FY17 Client Targeting - Income Solutions",TRUE,4,74.55,"z","td_ameritrade",0.889,1280000564,550,3752,-476.42,15105,19.87,1280015213,1,2521,550.97,18000,"2016-12-13"
0.217,FALSE,1,0,"TDA FY17 Client Targeting - Amerivest","TDA FY17 Client Targeting - Amerivest",TRUE,0,0.34,"z","td_ameritrade",0.115,1280000566,642,25,-642.37,115,13.7,1280015215,1,2521,642.71,46000,"2016-12-13"
0.328,FALSE,1,0,"TDA FY17 Client Targeting - Retirement","TDA FY17 Client Targeting - Retirement",TRUE,62,1586.78,"z","td_ameritrade",0.001,1280000563,1542,213494,44.76,651063,7.432,1280015212,1,2521,1542.02,9553300000,"2016-12-13"
0.252,TRUE,1,0,"TDA FY17 Client Retargeting - Unfunded Clients","TDA FY17 Client Retargeting - Unfunded Clients",TRUE,5,163.54,"z","td_ameritrade",0.915,1280000562,600,11540,-437.31,45747,14.171,1280015211,1,2521,600.85,66000,"2016-12-13"
0.081,FALSE,7,1,"2016 ALLY BANK_DIR_SAV_EVAL_DSP- SEO Landing Page_RTG","2016 ALLY BANK_DIR_SAV_EVAL_DSP- SEO Landing Page_RTG",TRUE,0,17.17,"a","ally_bank",0.674,1700000007,NA,3812,-58.36,47170,4.504,1700000411,1,5016,75.535342629851,78000,"2016-12-13"
0.308,FALSE,8,1,"2016 ALLY BANK_DIS_SAV_EVAL_DSP_ET","2016 ALLY BANK_DIS_SAV_EVAL_DSP_ET",TRUE,44,1107.38,"z","ally_bank",0.005,1700000001,1193,306871,-85.8,996658,3.609,1700000001,1,5016,1193.18,405135000,"2016-12-13"
0.353,FALSE,8,1,"2016 ALLY BANK_DIR_SAV_EVAL_DSP – PMP_ET","2016 ALLY BANK_DIR_SAV_EVAL_DSP – PMP_ET",TRUE,7,194.64,"a","ally_bank",0.01,1700000004,NA,29561,-65.39,83794,6.584,1700000409,1,5016,260.022910176282,29170000,"2016-12-13"
0.111,TRUE,7,1,"2016 ALLY BANK_DIS_SAV_EVAL_DSP_RT","2016 ALLY BANK_DIS_SAV_EVAL_DSP_RT",TRUE,79,1187.95,"z","ally_bank",0.081,1700000000,1174,380236,13.22,3429731,3.124,1700000000,1,5016,1174.73,44083000,"2016-12-13"
0.129,TRUE,10,1,"2016 ALLY BANK_DIS_SAV_EVAL_DSP-DIR Prospecting_RT","2016 ALLY BANK_DIS_SAV_EVAL_DSP-DIR Prospecting_RT",TRUE,4,22.67,"z","ally_bank",0.011,1700000005,30,12242,-7.39,94910,1.851,1700000410,1,5016,30.06,13405000,"2016-12-13"
0.156,FALSE,4,1,"MED_SEP17_EHM_SA_Retargeting","MED_SEP17_EHM_SA_Retargeting",TRUE,10,72.07,"z","ehealth_insurance",0.838,1000000133,75,18686,-2.93,119831,3.857,1000002360,1,4462,75,147000,"2016-12-13"
0.231,FALSE,4,1,"IFP_IFP_OEP2016_EHI_QHP","IFP_IFP_OEP2016_EHI_QHP",TRUE,1,32.8,"z","ehealth_insurance",1.038,1000000131,50,3590,-17.2,15571,9.138,1000002204,1,4462,50,20000,"2016-12-13"
0.231,FALSE,1,1,"IFP_IFP_OEP2016_Self Employed Pros","IFP_IFP_OEP2016_Self Employed Pros",TRUE,50,205.15,"z","ehealth_insurance",0.013,1000000121,100,133501,-94.85,578539,1.537,1000002194,1,4462,300,1969198000,"2016-12-13"
0.171,FALSE,5,1,"IFP_IFP_OEP2016_EHI_QuoterWBE_RTB","IFP_IFP_OEP2016_EHI_QuoterWBE_RTB",TRUE,49,829.7,"z","ehealth_insurance",0.246,1000000115,1200,106260,-670.3,620016,7.808,1000002188,1,4462,1500,2613000,"2016-12-13"
0.204,FALSE,9,1,"IFP_IFP_OEP2016_EHI_Quoter_Horizon","IFP_IFP_OEP2016_EHI_Quoter_Horizon",TRUE,7,125.49,"z","ehealth_insurance",0.641,1000000125,800,17741,-774.51,87137,7.073,1000002198,1,4462,900,137000,"2016-12-13"
0.17,FALSE,2,1,"IFP_IFP_OEP2016_EHI_Browsers_RTB","IFP_IFP_OEP2016_EHI_Browsers_RTB",TRUE,95,1766.07,"z","ehealth_insurance",0.324,1000000114,3500,192205,-3233.94,1131118,9.188,1000002187,1,4462,5000,3509000,"2016-12-13"
0.147,TRUE,5,1,"IFP_IFP_OEP2016_EHI_StartedAppWBE_RTB","IFP_IFP_OEP2016_EHI_StartedAppWBE_RTB",TRUE,5,69.59,"z","ehealth_insurance",0.327,1000000117,70,6952,-10.41,47403,10.01,1000002190,1,4462,80,159000,"2016-12-13"
0.191,FALSE,9,1,"IFP_IFP_OEP2016_EHI_Browser_Horizon","IFP_IFP_OEP2016_EHI_Browser_Horizon",TRUE,20,143.39,"z","ehealth_insurance",0.624,1000000126,900,20239,-856.61,106088,7.085,1000002199,1,4462,1000,171000,"2016-12-13"
0.033,FALSE,2,1,"MED_SEP17_MDC_Browsers_Retargeting","MED_SEP17_MDC_Browsers_Retargeting",TRUE,20,96.26,"a","ehealth_insurance",0.602,1000000137,NA,41722,-53.74,1267047,2.307,1000002370,1,4462,150,2106000,"2016-12-13"
0.039,FALSE,1,1,"MED_SEP17_EHM_Browsers_Retargeting","MED_SEP17_EHM_Browsers_Retargeting",TRUE,65,314.73,"a","ehealth_insurance",0.481,1000000132,NA,146796,-185.27,3732647,2.144,1000002359,1,4462,500,7753000,"2016-12-13"
0.002,FALSE,1,1,"IFP_IFP_OEP2016_ Pre-retirees Prospecting","IFP_IFP_OEP2016_ Pre-retirees Prospecting",TRUE,15,99.22,"z","ehealth_insurance",0.275,1000000122,100,40064,-100.78,24877693,2.477,1000002195,1,4462,200,2716603000,"2016-12-13"
0.038,FALSE,4,1,"MED_SEP17_EHM_Quoters_Retargeting","MED_SEP17_EHM_Quoters_Retargeting",TRUE,5,57.59,"a","ehealth_insurance",0.837,1000000138,NA,25185,-92.41,663397,2.287,1000002371,1,4462,150,793000,"2016-12-13"
0.117,FALSE,5,1,"IFP_IFP_OEP2016_EHI_StartedAppIFP_RTB","IFP_IFP_OEP2016_EHI_StartedAppIFP_RTB",TRUE,0,90.24,"z","ehealth_insurance",0.448,1000000118,100,8413,-59.76,72179,10.726,1000002191,1,4462,150,191000,"2016-12-13"
0.458,FALSE,1,1,"IFP_IFP_OEP2016_Millennials Pros","IFP_IFP_OEP2016_Millennials Pros",TRUE,59,198.89,"z","ehealth_insurance",0.005,1000000120,100,133174,-101.11,291047,1.493,1000002193,1,4462,300,3629510000,"2016-12-13"
0.216,TRUE,5,1,"IFP_IFP_OEP2016_EHI_Quoter_Anthem","IFP_IFP_OEP2016_EHI_Quoter_Anthem",TRUE,49,287.67,"z","ehealth_insurance",0.719,1000000127,400,34101,-212.33,158114,8.436,1000002200,1,4462,500,222000,"2016-12-13"
0.138,FALSE,6,1,"IFP_IFP_OEP2016_EHI_QuoterIFP_RTB","IFP_IFP_OEP2016_EHI_QuoterIFP_RTB",TRUE,104,2404.87,"z","ehealth_insurance",0.292,1000000130,3500,289007,-2595.13,2097926,8.321,1000002203,1,4462,5000,7268000,"2016-12-13"
0.132,TRUE,1,1,"New AMO - Engineered Hardwood Remarketing","New AMO - Engineered Hardwood Remarketing",TRUE,31,220.94,"z","build_direct",0.565,1000000169,2392,31529,-2272.46,239361,7.007,1000006128,1,4652,2493.4,440000,"2016-12-13"
0.136,FALSE,3,1,"New AMO - Bamboo Remarketing","New AMO - Bamboo Remarketing",TRUE,27,127.1,"z","build_direct",0.719,1000000165,1452,15888,-1383.86,117251,8,1000006124,1,4652,1510.96,170000,"2016-12-13"
0.159,FALSE,1,1,"New AMO - General Decking Remarketing","New AMO - General Decking Remarketing",TRUE,6,71.87,"z","build_direct",0.596,1000000168,1811,9260,-1822.57,58362,7.761,1000006127,1,4652,1894.44,115000,"2016-12-13"
0.139,FALSE,1,1,"New AMO - Vinyl Remarketing","New AMO - Vinyl Remarketing",TRUE,49,315.77,"z","build_direct",0.602,1000000167,540,46434,-215.56,333254,6.8,1000006126,1,4652,531.33,578000,"2016-12-13"
0.138,FALSE,1,1,"New AMO - Outdoor Remarketing","New AMO - Outdoor Remarketing",TRUE,23,182.96,"z","build_direct",0.591,1000000173,1208,27053,-1063.45,196371,6.763,1000006132,1,4652,1246.41,339000,"2016-12-13"
0.122,TRUE,1,1,"New AMO - Hardwood Remarketing","New AMO - Hardwood Remarketing",TRUE,54,351.13,"z","build_direct",0.287,1000000171,367,59122,-13.51,483924,5.939,1000006130,1,4652,364.64,1734000,"2016-12-13"
0.169,TRUE,3,1,"New DCO - PDP Remarketing Copy","New DCO - PDP Remarketing Copy",TRUE,142,1070.78,"z","build_direct",0.264,1000000174,1148,168520,-80.69,998003,6.354,1000006133,1,4652,1151.47,4335000,"2016-12-13"
0.153,TRUE,2,1,"AMO - More Than Just Floors 2.0 Nov 2016","AMO - More Than Just Floors 2.0 Nov 2016",TRUE,7,166.32,"z","build_direct",0.479,1000000177,186,24422,-14.27,159587,6.81,1000006151,1,4652,180.59,375000,"2016-12-13"
0.121,TRUE,1,1,"New AMO - Laminate Remarketing","New AMO - Laminate Remarketing",TRUE,77,483.48,"z","build_direct",0.623,1000000170,927,67989,-437.76,563539,7.111,1000006129,1,4652,921.24,914000,"2016-12-13"
0.141,TRUE,1,1,"New AMO - Ceramic & Porcelain Remarketing","New AMO - Ceramic & Porcelain Remarketing",TRUE,35,302.79,"z","build_direct",0.526,1000000172,330,44086,-7.54,312815,6.868,1000006131,1,4652,310.33,625000,"2016-12-13"
0.356,FALSE,10,1,"DC: Public Retargeting","DC: Public Retargeting RTB",TRUE,2,27,"a","k12",0.794,1320001386,NA,1696,-73,4764,15.917,1320054137,1,2165,100,6000,"2016-12-13"
0.284,TRUE,4,1,"OH: Public Retargeting","OH: Public Retargeting RTB",TRUE,7,261.26,"z","k12",0.388,1320001380,NA,13861,11.26,48836,18.848,1320054146,1,2165,250,438000,"2016-12-13"
0.166,FALSE,2,1,"WI: Public Prospecting Channel","WI: Public Prospecting Channel",TRUE,0,6.98,"z","k12",0.008,1320001406,NA,5512,-0.02,33164,1.267,1320054322,1,2165,7,18816000,"2016-12-13"
0.09,FALSE,1,3,"OH: Public Prospecting Channel","OH: Public Prospecting Channel",TRUE,3,74.65,"z","k12",0.088,1320001400,NA,32757,-0.35,364792,2.279,1320054218,1,2165,75,18310000,"2016-12-13"
0.07,TRUE,1,3,"SC: Public Prospecting Channel","SC: Public Prospecting Channel",TRUE,25,49.17,"z","k12",0.174,1320001442,NA,86983,-0.83,1251072,0.565,1320056547,1,2165,50,11547000,"2016-12-13"
0.062,FALSE,1,3,"CA: Public Prospecting Channel","CA: Public Prospecting Channel",TRUE,44,49.63,"z","k12",0.19,1320001405,NA,132908,-0.37,2127686,0.373,1320054321,1,2165,50,90308000,"2016-12-13"
0.029,FALSE,1,1,"MA: Public Prospecting Channel","MA: Public Prospecting Channel",TRUE,23,49.95,"z","k12",0.342,1320001547,NA,36874,-0.05,1288450,1.355,1320057687,1,2165,50,29367000,"2016-12-13"
0.276,FALSE,6,1,"PA: Public Retargeting","PA: Public Retargeting",TRUE,12,236.99,"a","k12",0.765,1320001455,NA,13315,-13.01,48173,17.799,1320056591,1,2165,250,70000,"2016-12-13"
0.221,TRUE,1,1,"MN: Public Prospecting Channel","MN: Public Prospecting Channel",TRUE,10,49.66,"z","k12",0.165,1320001438,NA,61986,-0.34,281002,0.801,1320056543,1,2165,50,19929000,"2016-12-13"
0.203,TRUE,5,1,"CA: Public Retargeting","CA: Public Retargeting RTB",TRUE,19,297.35,"z","k12",0.431,1320001359,280,32724,17.35,161532,9.087,1320054135,1,2165,280,398000,"2016-12-13"
0.274,TRUE,8,1,"AZ: Public Retargeting","AZ: Public Retargeting RTB",TRUE,5,272.73,"z","k12",0.726,1320001360,NA,12335,-27.27,44993,22.11,1320054129,1,2165,300,63000,"2016-12-13"
0.276,FALSE,8,1,"OR: Public Retargeting","OR: Public Retargeting RTB",TRUE,6,59.81,"z","k12",0.197,1320001362,55,4784,4.81,17327,12.502,1320054167,1,2165,55,105000,"2016-12-13"
0.062,FALSE,1,1,"WA: Public Prospecting Channel","WA: Public Prospecting Channel",TRUE,26,49.69,"z","k12",0.189,1320001445,NA,97648,-0.31,1579739,0.509,1320056550,1,2165,50,23264000,"2016-12-13"
0.32,TRUE,8,1,"MA: Public Retargeting","MA: Public Retargeting RTB",TRUE,1,43.35,"z","k12",0.24,1320001373,70,1844,-26.65,5758,23.509,1320054153,1,2165,70,35000,"2016-12-13"
0.242,FALSE,8,1,"WI: Public Retargeting","WI: Public Retargeting RTB",TRUE,1,19.87,"z","k12",0.169,1320001369,10,2380,9.87,9827,8.347,1320054160,1,2165,10,86000,"2016-12-13"
0.156,TRUE,1,7,"AZ: Public Prospecting Channel","AZ: Public Prospecting Channel",TRUE,2,54.18,"z","k12",0.352,1320001401,NA,52720,-0.82,338560,1.028,1320054317,1,2165,55,8469000,"2016-12-13"
0.331,TRUE,8,1,"SC: Public Retargeting","SC: Public Retargeting RTB",TRUE,6,195.67,"z","k12",0.495,1320001363,250,10970,-54.33,33164,17.837,1320054166,1,2165,250,71000,"2016-12-13"
0.057,TRUE,1,1,"OR: Public Prospecting Channel- 2","OR: Public Prospecting Channel",TRUE,41,49.59,"z","k12",0.372,1320001454,NA,23580,-0.41,411102,2.103,1320056584,1,2165,50,9875000,"2016-12-13"
0.325,FALSE,10,1,"IA: Public Retargeting","IA: Public Retargeting RTB",TRUE,2,70.23,"a","k12",0.765,1320001383,NA,4479,-29.77,13767,15.68,1320054140,1,2165,100,20000,"2016-12-13"
0.285,FALSE,8,1,"WA: Public Retargeting","WA: Public Retargeting RTB",TRUE,16,246.7,"z","k12",0.331,1320001366,215,14720,31.7,51705,16.76,1320054163,1,2165,215,168000,"2016-12-13"
0.33,FALSE,8,1,"MN: Public Retargeting","MN: Public Retargeting RTB",TRUE,3,183.07,"z","k12",0.727,1320001376,250,10801,-66.93,32693,16.949,1320054150,1,2165,250,48000,"2016-12-13"
0.133,TRUE,1,1,"FY17_NA_CCM_EXCH_RTG","FY17_NA_CCM_EXCH_RTG",TRUE,36,1732.9,"z","adobe_systems",0.151,1700001258,2219,175042,-506.14,1313122,9.9,1700062561,1,3085,2239.04,8698000,"2016-12-13"
0.003,TRUE,2,1,"FY17_NA_CCT_EXCH_PROS","FY17_NA_CCT_EXCH_PROS",TRUE,33,244.86,"z","adobe_systems",0.367,1700001263,246,623647,-2.41,223337080,0.393,1700062566,1,3085,247.27,862990000,"2016-12-13"
0.019,FALSE,2,1,"FY17_NA_CCM_EXCH_PROS","FY17_NA_CCM_EXCH_PROS",TRUE,89,362.19,"z","adobe_systems",0.022,1700001260,364,1621530,-0.19,86533121,0.223,1700062563,1,3085,362.38,13501523000,"2016-12-13"
0.013,TRUE,1,1,"Display TFX Protocol Calc","#BID_TFX Protocol Calc_RTB_10033008#VT_040316",TRUE,110,52.71,"z","thermo_fisher_scientific",0.057,1000001216,81,197634,-28.3,14936411,0.267,1000010416,1,3652,81.01,276048000,"2016-12-13"
0.036,FALSE,2,1,"#BID_ThermoSciPlastics_RTB_10031106#RT_072916","#BID_ThermoSciPlastics_RTB_10031106#RT_072916",TRUE,183,26.97,"z","thermo_fisher_scientific",0.085,1000001511,NA,41994,-0.03,1167168,0.642,1000011750,1,3652,27,16304000,"2016-12-13"
0.181,FALSE,3,1,"#BID_EVOS FLoid_RTB_18833004#RT_062016","#BID_EVOS FLoid_RTB_18833004#RT_062016",TRUE,52,52.67,"z","thermo_fisher_scientific",0.065,1000001458,NA,27951,0.66,154079,1.884,1000011396,1,3652,52.01,3503000,"2016-12-13"
0.144,FALSE,3,1,"#CMS_Project Troy_RTB_CH101C02809#RT_08262016","#CMS_Project Troy_RTB_CH101C02809#RT_08262016",TRUE,129,7.14,"a","thermo_fisher_scientific",0.175,1000001609,NA,4361,0.13,30193,1.638,1000011974,1,3652,7.01,185000,"2016-12-13"
0.023,FALSE,1,1,"#BID_Super Signal West_RTB_10031103#VT_91116","#BID_Super Signal West_RTB_10031103#VT_91116",TRUE,277,46.79,"z","thermo_fisher_scientific",0.021,1000001561,NA,228978,-0.21,10060040,0.204,1000012117,1,3652,47,37753686000,"2016-12-13"
0.242,TRUE,3,1,"#BID_Cell Health_RTB_18833004#RT_91516","#BID_Cell Health_RTB_18833004#RT_91516",TRUE,27,39.48,"z","thermo_fisher_scientific",0.141,1000001564,NA,12366,-11.53,51087,3.193,1000012150,1,3652,51.01,6986000,"2016-12-13"
0.079,FALSE,1,1,"#BID_IP King _RTB_10031030#VT_072016","#BID_IP King _RTB_10031030#VT",TRUE,15,12.79,"z","thermo_fisher_scientific",0.002,1000001502,NA,60124,1.78,757429,0.213,1000011741,1,3652,11.01,1322051000,"2016-12-13"
0.076,FALSE,4,1,"#BID_ThermalCyclerAppliedBio_RTB_10031106#RT_072916","#BID_ThermalCyclerAppliedBio_RTB_10031106#RT_072916",TRUE,316,73.74,"z","thermo_fisher_scientific",0.225,1000001509,NA,58375,-76.27,764713,1.263,1000011748,1,3652,150.01,17875000,"2016-12-13"
0.181,FALSE,1,1,"#BID_24 Hours Stem Cell_RTB_10031120#VT_91516","#BID_24 Hours Stem Cell_RTB_10031120#VT_91516",TRUE,8,25.83,"z","thermo_fisher_scientific",0.153,1000001563,NA,19834,-0.18,109574,1.303,1000012147,1,3652,26.01,1189000,"2016-12-13"
0.158,FALSE,3,1,"#BID_24 Hours Stem Cell_RTB_10031120#RT_91516","#BID_24 Hours Stem Cell_RTB_10031120#RT_91516",TRUE,322,85.33,"z","thermo_fisher_scientific",0.107,1000001562,NA,62437,0.32,395392,1.367,1000012146,1,3652,85.01,4050000,"2016-12-13"
0.031,FALSE,1,1,"#BID_Protein Exp Basics_RTB_10033008#VT_90716","#BID_Protein Exp Basics_RTB_10033008#VT_90716",TRUE,108,45.89,"z","thermo_fisher_scientific",0.054,1000001559,NA,259549,0.88,8471480,0.177,1000012105,1,3652,45.01,1224491000,"2016-12-13"
0.394,FALSE,1,1,"#BID_FBS Fingerprinting_RTB_10033008#VT_040316","#BID_FBS Fingerprinting_RTB_10033008#VT_040316",TRUE,26,59.65,"z","thermo_fisher_scientific",0.024,1000001606,NA,26720,-0.35,67844,2.232,1000012539,1,3652,60,68866000,"2016-12-13"
0.155,TRUE,4,1,"#GSD_Good Genes_10033076#","#GSD_Good Genes_10033076#",TRUE,153,89.85,"z","thermo_fisher_scientific",0.154,1000001442,NA,16246,-0.16,104643,5.531,1000011188,1,3652,90.01,877000,"2016-12-13"
0.01,FALSE,1,1,"#BID_Protein Exp Systems_RTB_10033008#VT_90716","#BID_Protein Exp Systems_RTB_10033008#VT_90716",TRUE,69,50.53,"z","thermo_fisher_scientific",0.057,1000001560,NA,252569,0.52,24060931,0.2,1000012106,1,3652,50.01,1234715000,"2016-12-13"
0.184,FALSE,3,1,"#DM_GSS-Compliance_10031017#","#DM_GSS-Compliance_10031017#",TRUE,98,65.63,"z","thermo_fisher_scientific",0.103,1000001629,NA,20591,-0.37,112038,3.187,1000012656,1,3652,66,1206000,"2016-12-13"
0.002,FALSE,1,2,"#GSD_Taqman _VT_10033076#","#GSD_Taqman _VT_10033076#",TRUE,33,21.78,"z","thermo_fisher_scientific",0.195,1000001421,NA,86545,0.77,37894501,0.252,1000010849,1,3652,21.01,475803000,"2016-12-13"
0.01,FALSE,1,30,"#CAD_MOL AutomotiveTraffic_GEO#","#CAD_MOL AutomotiveTraffic_GEO#",TRUE,2,1.41,"z","thermo_fisher_scientific",0.841,1000001129,NA,5127,-30.59,515308,0.275,1000009409,1,3652,32,1437000,"2016-12-13"
0.022,FALSE,1,14,"Display Exosomes","#BID_Exosomes_RTB_10031030#VT_040316",TRUE,0,6.05,"z","thermo_fisher_scientific",0.089,1000000877,6,13569,-0.04,608903,0.446,1000008329,1,3652,6.09,90039000,"2016-12-13"
0.052,FALSE,1,1,"#BID_ABPlastics_RTB_10031106#VT_060216#","#BID_ABPlastics_RTB_10031106#VT_060216#",TRUE,14,3.55,"z","thermo_fisher_scientific",0.021,1000001544,NA,16227,0.54,312076,0.219,1000011879,1,3652,3.01,1255815000,"2016-12-13"
0.126,FALSE,1,1,"#GSD_Appletini_10033076#_display","#GSD_Appletini_New_VT_10033076#",TRUE,59,25.88,"z","thermo_fisher_scientific",0.005,1000001374,NA,147514,-0.13,1171694,0.175,1000010803,1,3652,26.01,594088000,"2016-12-13"
0.04,TRUE,1,3,"Display iBind FLex","#BID_iBind Flex_RTB_10031103#RT_040316",TRUE,156,33.96,"z","thermo_fisher_scientific",0.362,1000000926,NA,24883,-2.04,624975,1.365,1000008505,1,3652,36,2702000,"2016-12-13"
0.114,FALSE,1,1,"#CMS_CCS_RTB_CC118C03720#VT","#CMS_CCS_RTB_CC118C03720#VT",TRUE,24,254.58,"z","thermo_fisher_scientific",0.151,1000001618,NA,54335,-55.43,476809,4.685,1000012560,1,3652,310.01,3933000,"2016-12-13"
0.038,FALSE,3,1,"#BID_GibcoCellCite_RTB_10031220#RT_080116","#BID_GibcoCellCite_RTB_10031220#RT_080116",TRUE,93,10.12,"z","thermo_fisher_scientific",0.077,1000001522,NA,15107,0.12,402472,0.67,1000011764,1,3652,10,5820000,"2016-12-13"
0.404,FALSE,3,1,"#BID_Protein Rep Concentrators_RTB_10031103#RT_110316","#BID_Protein Rep Concentrators_RTB_10031103#RT_110316",TRUE,86,27.84,"z","thermo_fisher_scientific",0.027,1000001611,NA,11923,-0.16,29490,2.335,1000012550,1,3652,28,3878000,"2016-12-13"
0.11,FALSE,3,1,"#BID_CRISPR Editing Webinar_RTB_10031067#RT_120116","#BID_CRISPR Editing Webinar_RTB_10031067#RT_120116",TRUE,187,55.09,"z","thermo_fisher_scientific",0.051,1000001627,NA,59533,0.09,541763,0.925,1000012654,1,3652,55,18579000,"2016-12-13"
0.135,TRUE,1,1,"#GSD_Taqman _RT_10033076#","#GSD_Taqman _RT_10033076#",TRUE,72,32.32,"z","thermo_fisher_scientific",0.066,1000001537,NA,12499,-3.69,92436,2.586,1000011833,1,3652,36.01,3678000,"2016-12-13"
0.262,TRUE,1,7,"Display SYBR Green VT","#GSD_Sybr Green_NEW_VT_10033076#",TRUE,168,48.03,"z","thermo_fisher_scientific",0.143,1000001179,48,280534,0.02,1069404,0.171,1000008294,1,3652,48.01,35638000,"2016-12-13"
0.168,FALSE,1,1,"#BID_CRISPR Hands On_RTB_10031067#VT_92216","#BID_CRISPR Hands On_RTB_10031067#VT_92216",TRUE,35,19.98,"z","thermo_fisher_scientific",0,1000001578,20,114662,-0.03,682626,0.174,1000012485,1,3652,20.01,37269049000,"2016-12-13"
0.144,FALSE,1,1,"#BID_ELISA Scooter_RTB_10031220#VT_070316","#BID_ELISA Scooter_RTB_10031220#VT_070316",TRUE,114,55.9,"z","thermo_fisher_scientific",0.01,1000001485,NA,318252,-0.1,2209127,0.176,1000011573,1,3652,56,336824000,"2016-12-13"
0.006,FALSE,1,7,"Display Cell Culture Handbook","#DSI_CellCultureHandbook_10031017#",TRUE,4,11.86,"z","thermo_fisher_scientific",0.111,1000001117,NA,40900,-0.15,6603946,0.29,1000009536,1,3652,12.01,203552000,"2016-12-13"
0.081,FALSE,1,14,"Display EVOS","#BID_EVOS_RTB_18833004#VT_040316",TRUE,28,16.76,"z","thermo_fisher_scientific",0.344,1000000845,17,11655,11.46,144221,1.438,1000008316,1,3652,5.3,8321000,"2016-12-13"
0.243,FALSE,3,1,"Display Match AF","#BID_Match AF_RTB_10031220#RT_041516",TRUE,297,163.96,"z","thermo_fisher_scientific",0.189,1000001258,NA,54685,-1.05,225063,2.998,1000010529,1,3652,165.01,1194000,"2016-12-13"
0.162,FALSE,1,3,"#BID_ThermoSciTubes_RTB_10031106#XT_061516 Copy","#BID_AppliedBioTubes_RTB_10031106#VT_061516",TRUE,140,44.88,"z","thermo_fisher_scientific",0.01,1000001455,NA,225900,-0.12,1397428,0.199,1000011323,1,3652,45,736987000,"2016-12-13"
0.003,FALSE,1,14,"Display Anza (MolBio)","#DSI_Anza_10031017#",TRUE,10,12.06,"z","thermo_fisher_scientific",0.132,1000001130,NA,30346,0.05,10309882,0.398,1000009541,1,3652,12.01,158108000,"2016-12-13"
0.004,FALSE,1,1,"Display RNA Workflow Promo","#BID_RNA Workflow Promo_RTB_10031030#RT_041216",TRUE,0,0,"z","thermo_fisher_scientific",0.262,1000001115,NA,8,-5,1833,0.312,1000009615,1,3652,5,23000,"2016-12-13"
0.302,FALSE,1,7,"#BID_CytoTune 2.0_RTB_10031120#VT_041516","#BID_CytoTune 2.0_RTB_10031120#VT_041516",TRUE,59,25.94,"z","thermo_fisher_scientific",0.002,1000001356,NA,108456,-0.07,359116,0.239,1000010712,1,3652,26.01,1016243000,"2016-12-13"
0.091,FALSE,3,1,"Display Exosomes","#BID_Exosomes_RTB_10031030#RT_040316",TRUE,10,45.22,"z","thermo_fisher_scientific",0.16,1000000877,45,19695,-0.7,216769,2.296,1000008328,1,3652,45.92,1418000,"2016-12-13"
0.074,FALSE,1,14,"Display T-Cell Activation","#BID_T Cell Activation_RTB_10031030#VT_040316",TRUE,6,44.72,"z","thermo_fisher_scientific",0.155,1000000846,45,19522,-1.07,264465,2.291,1000008325,1,3652,45.79,2941000,"2016-12-13"
0.236,FALSE,1,3,"Display Lipofectamine","#BID_Lipofectamine_RTB_10033008#RT_040316",TRUE,320,79.55,"z","thermo_fisher_scientific",0.068,1000000887,80,35212,-0.46,149328,2.259,1000008421,1,3652,80.01,3326000,"2016-12-13"
0.032,TRUE,2,1,"Display The Big Picture","#BID_The Big Picture_RTB_18833004#VT_051016",TRUE,62,27.77,"z","thermo_fisher_scientific",0.413,1000001309,26,102066,-0.84,3150259,0.272,1000010652,1,3652,28.61,343715000,"2016-12-13"
0.133,FALSE,1,1,"#BID_FAS Tech Support_RTB_10031220#VT_101016","#BID_FAS Tech Support_RTB_10031220#VT_101016",TRUE,67,19.95,"z","thermo_fisher_scientific",0.12,1000001594,20,122846,-0.06,926245,0.162,1000012514,1,3652,20.01,25907000,"2016-12-13"
0.124,FALSE,1,1,"#CAD_MOL XPS_Webinar_Signup_RT_MA4201#","#CAD_MOL XPS_Webinar_Signup_RT_MA4201#",TRUE,1,3.9,"z","thermo_fisher_scientific",0.556,1000001598,NA,896,-46.11,7233,4.35,1000012526,1,3652,50.01,23000,"2016-12-13"
0.008,FALSE,3,1,"#BID_Attune_RTB_18831011#VT","#BID_Attune_RTB_18831011#VT",TRUE,306,130.37,"a","thermo_fisher_scientific",0.124,1000001515,NA,434274,-44.64,51659310,0.3,1000011757,1,3652,175.01,693549000,"2016-12-13"
0.005,FALSE,1,7,"EPM Ambient Particulate","#CAD_EPM Ambient Particulate_VT_19309#",TRUE,24,19.7,"z","thermo_fisher_scientific",0.186,1000001159,20,72961,-0.31,16176823,0.27,1000009998,1,3652,20.01,311199000,"2016-12-13"
0.05,TRUE,3,1,"#BID_Flow Tool Kit_RTB_18831011#RT_081216","#BID_Flow Tool Kit_RTB_18831011#RT_081216",TRUE,25,63.69,"z","thermo_fisher_scientific",0.211,1000001539,67,20686,-3.32,415424,3.079,1000011873,1,3652,67.01,2042000,"2016-12-13"
0.138,FALSE,1,1,"#CAD_Materials_Characterization_NEW_VT_MA4201#","#CAD_Materials_Characterization_NEW_VT_MA4201#",TRUE,233,71.63,"z","thermo_fisher_scientific",0.025,1000001538,72,373339,-0.38,2709964,0.192,1000011849,1,3652,72.01,3591231000,"2016-12-13"
0.063,FALSE,3,1,"#BID_ELISA Scooter_RTB_10031220#RT_070316","#BID_ELISA Scooter_RTB_10031220#RT_070316",TRUE,284,42.91,"z","thermo_fisher_scientific",0.046,1000001462,NA,29721,-0.09,469497,1.444,1000011449,1,3652,43,10573000,"2016-12-13"
0.03,FALSE,1,7,"Display Jumpstart","#NA_JumpStart-1Q2016_10031023#",TRUE,63,47.45,"a","thermo_fisher_scientific",0.015,1000001103,NA,166162,2.44,5559470,0.286,1000009534,1,3652,45.01,1178158000,"2016-12-13"
0.171,FALSE,3,1,"#BID_Attune_RTB_18831011#RT","#BID_Attune_RTB_18831011#RT",TRUE,149,130.77,"a","thermo_fisher_scientific",0.05,1000001514,NA,43396,-19.24,253505,3.013,1000011756,1,3652,150.01,8084000,"2016-12-13"
0.017,FALSE,1,7,"Display Superclonal (Cell Analysis)","#DSI_SuperClonal_10031017#",TRUE,11,12,"z","thermo_fisher_scientific",0.071,1000001118,NA,41178,-0.01,2388135,0.291,1000009543,1,3652,12.01,91488000,"2016-12-13"
0.393,TRUE,3,1,"#BID_Western Workflow Gels_RTB_10031103#RT_110316","#BID_Western Workflow Gels_RTB_10031103#RT_110316",TRUE,33,31.82,"z","thermo_fisher_scientific",0.058,1000001615,NA,14761,-0.19,37600,2.156,1000012554,1,3652,32.01,3958000,"2016-12-13"
0.145,TRUE,3,1,"#BID_Media Form Tool_RTB_10033008#RT_92216","#BID_Media Form Tool_RTB_10033008#RT_92216",TRUE,226,65.26,"z","thermo_fisher_scientific",0.114,1000001571,65,83228,0.25,573997,0.784,1000012472,1,3652,65.01,5224000,"2016-12-13"
0.045,FALSE,1,1,"Display EVOS","#BID_EVOS_RTB_18833004#Term_040316",TRUE,337,126.18,"z","thermo_fisher_scientific",0.221,1000000845,126,253103,-12.53,5664799,0.499,1000010078,1,3652,138.71,39891000,"2016-12-13"
0.09,FALSE,1,14,"Display Taqman (qPCR)","#DSI_TaqMan-Advanced-miRNA-Assays_10031017#_2",TRUE,17,11.95,"z","thermo_fisher_scientific",0.003,1000001100,NA,58654,-0.06,654328,0.204,1000009539,1,3652,12.01,1033531000,"2016-12-13"
0.211,FALSE,3,1,"#CMS_CCS_RTB_CC118C03719#RT","#CMS_CCS_RTB_CC118C03719#RT",TRUE,1,34.52,"z","thermo_fisher_scientific",0.215,1000001610,NA,6058,-0.49,28648,5.698,1000012543,1,3652,35.01,278000,"2016-12-13"
0.061,FALSE,3,1,"#BID_GibcoCellCite_RTB_10031220#VT_080116","#BID_GibcoCellCite_RTB_10031220#VT_080116",TRUE,9,9.95,"z","thermo_fisher_scientific",0.015,1000001521,NA,71096,-0.05,1169904,0.14,1000011763,1,3652,10,674145000,"2016-12-13"
0.009,FALSE,1,14,"Display L3k (Cell Biology)","#DSI_L3K_10031017#",TRUE,4,12.12,"z","thermo_fisher_scientific",0.06,1000001133,NA,13050,0.11,1408219,0.929,1000009535,1,3652,12.01,114184000,"2016-12-13"
0.006,FALSE,1,7,"Display Marketplace","#BID_Marketplace_RTB_10031106#VT_50116",TRUE,41,20.91,"z","thermo_fisher_scientific",0.089,1000001306,NA,92635,-0.1,15449877,0.226,1000008767,1,3652,21.01,2901934000,"2016-12-13"
0.192,FALSE,3,1,"#BID_Western Workflow Ladders_RTB_10031103#RT_110316","#BID_Western Workflow Ladders_RTB_10031103#RT_110316",TRUE,1,27.61,"z","thermo_fisher_scientific",0.243,1000001612,NA,6841,-0.39,35661,4.036,1000012551,1,3652,28,3982000,"2016-12-13"
0.455,FALSE,3,1,"#BID_Q4 Dollar Gel Tank_RTB_10031103#RT_110316","#BID_Q4 Dollar Gel Tank_RTB_10031103#RT_110316",TRUE,16,31.83,"z","thermo_fisher_scientific",0.05,1000001616,NA,12749,-0.18,28026,2.497,1000012555,1,3652,32.01,4014000,"2016-12-13"
0.288,FALSE,1,1,"#CAD_EM and PM Solutions for the Refinery_19309-715-7255_VT#","#CAD_EM and PM Solutions for the Refinery_19309-715-7255_VT#",TRUE,37,18.98,"z","thermo_fisher_scientific",0,1000001490,19,109124,-0.03,379528,0.174,1000011669,1,3652,19.01,3409387000,"2016-12-13"
0.058,FALSE,1,1,"#BID_Cell Health_RTB_18833004#VT_91516","#BID_Cell Health_RTB_18833004#VT_91516",TRUE,68,26.06,"z","thermo_fisher_scientific",0.001,1000001572,NA,122323,0.05,2096507,0.213,1000012473,1,3652,26.01,37804269000,"2016-12-13"
0.092,FALSE,2,1,"#BID_Gibco One Shot FBS_RTB_10033008#VT_61016","#BID_Gibco One Shot FBS_RTB_10033008#VT_61016",TRUE,141,116.68,"z","thermo_fisher_scientific",0.035,1000001453,NA,460014,1.67,4977528,0.254,1000011225,1,3652,115.01,473777000,"2016-12-13"
0.124,FALSE,3,1,"#BID_ABPlastics_RTB_10031106#RT_060216#","#BID_ABPlastics_RTB_10031106#RT_060216#",TRUE,162,38.25,"z","thermo_fisher_scientific",0.085,1000001545,NA,72031,0.25,579684,0.531,1000011880,1,3652,38,10141000,"2016-12-13"
0.214,TRUE,1,1,"Display Essential 8 Flex","#BID_Essential 8 Flex_RTB_10031120#RT_040316",TRUE,234,66.55,"z","thermo_fisher_scientific",0.118,1000000884,67,32478,-0.46,152005,2.049,1000008484,1,3652,67.01,1373000,"2016-12-13"
0.123,FALSE,4,1,"#BID_Display_Marketplace_RTB_10031106#RT_50116","#BID_MARKETPLACE_RTB_10031106#RT_50116",TRUE,11,42.53,"a","thermo_fisher_scientific",0,1000001446,NA,34887,0.52,284686,1.219,1000011210,1,3652,42.01,4468057000,"2016-12-13"
0.018,FALSE,3,1,"#BID_Immunoprecipitation_RTB_10031030#VT_080516","#BID_Immunoprecipitation_RTB_10031030#VT_080516",TRUE,8,10.93,"z","thermo_fisher_scientific",0.009,1000001528,NA,13272,0.92,755396,0.824,1000011802,1,3652,10.01,143894000,"2016-12-13"
0.011,TRUE,1,7,"#BID_TFX Virtual Lab_RTB_10033008#VT_040316","#BID_TFX Virtual Lab_RTB_10033008#VT_040316",TRUE,240,45.94,"z","thermo_fisher_scientific",0.091,1000001215,NA,234807,-0.07,22033725,0.196,1000010417,1,3652,46.01,341134000,"2016-12-13"
0.008,FALSE,1,14,"Display Nano Drop One","#CAD_NanoDrop One_NEW_VT#",TRUE,155,83.51,"z","thermo_fisher_scientific",0.313,1000001032,83,265815,4.64,33328543,0.314,1000008358,1,3652,78.87,282401000,"2016-12-13"
0.211,FALSE,3,1,"#BID_Match Video_RTB_10031220#RT_070316","#BID_Match Video_RTB_10031220#RT_070316",TRUE,337,60.11,"z","thermo_fisher_scientific",0.079,1000001472,NA,28518,0.1,135300,2.108,1000011540,1,3652,60.01,1848000,"2016-12-13"
0.036,FALSE,1,1,"Display Renaissance Wedge","#BID_Renaissance Wedge_RTB_10031103#RT_040316",TRUE,173,36.17,"z","thermo_fisher_scientific",0.14,1000001116,NA,63010,0.17,1773913,0.574,1000009602,1,3652,36,15478000,"2016-12-13"
0.172,FALSE,1,1,"#BID_IPAC-ABM-MolProbes_18833004#","#BID_IPAC-ABM-MolProbes_18833004#",TRUE,5,65.55,"z","thermo_fisher_scientific",0.154,1000001608,67,62765,-1.46,364360,1.044,1000012541,1,3652,67.01,4192000,"2016-12-13"
0.103,FALSE,1,1,"#BID_Eudora_RTB_10031067#VT_82216","#BID_Eudora_RTB_10031067#VT_82216",TRUE,127,40.05,"z","thermo_fisher_scientific",0.001,1000001551,NA,270794,0.04,2633628,0.148,1000011971,1,3652,40.01,36006739000,"2016-12-13"
0.154,FALSE,1,3,"Display T-Cell Activation","#BID_T Cell Activation_RTB_10031030#RT_040316",TRUE,2,6.15,"z","thermo_fisher_scientific",0.152,1000000846,6,1608,-0.07,10471,3.825,1000008324,1,3652,6.22,377000,"2016-12-13"
0.347,FALSE,3,1,"Display Match Primary","#BID_Match Primary_RTB_10031220#RT_041516",TRUE,460,104.54,"a","thermo_fisher_scientific",0.035,1000001259,NA,41908,-0.47,120855,2.495,1000010527,1,3652,105.01,5671000,"2016-12-13"
0.269,FALSE,1,1,"#BID_Select Screen_RTB_10031120#VT_071516#","#BID_Select Screen_RTB_10031120#VT_071516#",TRUE,178,40.9,"z","thermo_fisher_scientific",0.08,1000001491,NA,240008,-0.1,893118,0.17,1000011677,1,3652,41,625855000,"2016-12-13"
0.014,TRUE,1,14,"#GSS_Lab Coat Live_VT_10033020#","#GSS_Lab Coat Live_VT_10033020#",TRUE,20,17.75,"z","thermo_fisher_scientific",0.011,1000001368,17,33197,0.74,2291203,0.535,1000010792,1,3652,17.01,3593468000,"2016-12-13"
0.048,FALSE,1,1,"#BID_Gibco Handbook_RTB_10033008#VT_040316","#BID_Gibco Handbook_RTB_10033008#VT_040316",TRUE,152,67.48,"z","thermo_fisher_scientific",0.016,1000001496,64,339295,3.47,7018029,0.199,1000011724,1,3652,64.01,1162566000,"2016-12-13"
0.117,FALSE,1,7,"Display Match Portfolio","#BID_Match Portfolio_RTB_10031220#VT_041516",TRUE,87,104.49,"a","thermo_fisher_scientific",0.02,1000001260,NA,343844,7.48,2945831,0.304,1000010526,1,3652,97.01,178943000,"2016-12-13"
0.015,FALSE,1,1,"#BID_Renaissance Wedge_RTB_10031103#VT_040316","#BID_Renaissance Wedge_RTB_10031103#VT_040316",TRUE,19,11.95,"z","thermo_fisher_scientific",0.015,1000001349,NA,56062,-0.05,3850181,0.213,1000010696,1,3652,12,1726780000,"2016-12-13"
0.13,FALSE,3,1,"#BID_iBind Flex_RTB_10031103#VT_040316","#BID_iBind Flex_RTB_10031103#VT_040316",TRUE,48,23.87,"z","thermo_fisher_scientific",0.019,1000001607,NA,158642,-0.14,1223397,0.15,1000012540,1,3652,24.01,1241412000,"2016-12-13"
0.066,FALSE,1,1,"#BID_Dream Taq Hot Start _RTB_10031261#VT_92216","#BID_Dream Taq Hot Start _RTB_10031261#VT_92216",TRUE,282,129.58,"z","thermo_fisher_scientific",0.005,1000001579,70,660129,2.57,9972856,0.196,1000012486,1,3652,127.01,35682693000,"2016-12-13"
0.146,TRUE,3,1,"#BID_CRISPR Hands On_RTB_10031067#RT_92216","#BID_CRISPR Hands On_RTB_10031067#RT_92216",TRUE,23,26.41,"z","thermo_fisher_scientific",0.211,1000001577,NA,18491,0.4,126955,1.428,1000012484,1,3652,26.01,12356000,"2016-12-13"
0.018,FALSE,1,1,"Display RNA Workflow Promo","#BID_RNA Workflow Promo_VT_10031030#",TRUE,132,54.8,"z","thermo_fisher_scientific",0.152,1000001115,NA,222455,-0.21,12648255,0.246,1000009910,1,3652,55.01,388581000,"2016-12-13"
0.272,FALSE,3,1,"Display Ampliseq RT","#GSD_Ampliseq_RT_NEW_10031130#",TRUE,10,41.49,"a","thermo_fisher_scientific",0.114,1000001265,NA,12502,-0.52,46033,3.318,1000008533,1,3652,42.01,649000,"2016-12-13"
0.08,FALSE,3,1,"#BID_Eudora_RTB_10031067#RT_82216","#BID_Eudora_RTB_10031067#RT_82216",TRUE,341,25.93,"z","thermo_fisher_scientific",0.087,1000001580,NA,25177,-0.08,314851,1.03,1000012487,1,3652,26.01,4131000,"2016-12-13"
0.005,FALSE,1,1,"#GSD_qPCR Consumables _VT_10033076#","#GSD_qPCR Consumables _VT_10033076#",TRUE,67,107.33,"z","thermo_fisher_scientific",0.34,1000001619,NA,331041,27.33,67622346,0.324,1000012562,1,3652,80,273743000,"2016-12-13"
0.149,TRUE,4,1,"Display The Big Picture","#BID_The Big Picture_RTB_18833004#RT_051016",TRUE,294,158.13,"z","thermo_fisher_scientific",0.109,1000001309,158,75995,1.73,509301,2.081,1000010651,1,3652,156.4,6107000,"2016-12-13"
0.396,FALSE,3,1,"#GSD_qPCR Consumables EMEA _RT_10033076#","#GSD_qPCR Consumables EMEA _RT_10033076#",TRUE,1,59.36,"z","thermo_fisher_scientific",0.864,1000001625,NA,13321,-255.65,33677,4.456,1000012568,1,3652,315.01,158000,"2016-12-13"
0.016,FALSE,2,1,"Display Cas9","#BID_Cas9 Protein_RTB_10031067#RT_040316",TRUE,0,0,"z","thermo_fisher_scientific",0.032,1000000911,NA,4,-1,257,0.231,1000008330,1,3652,1,3144000,"2016-12-13"
0.022,FALSE,4,1,"#GSD_ReproSeq PGS Webinar Promotion_RT_","#GSD_ReproSeq PGS Webinar Promotion_RT_10031130",TRUE,27,42.85,"z","thermo_fisher_scientific",0.053,1000001448,NA,188845,-0.16,8589821,0.227,1000011212,1,3652,43.01,336811000,"2016-12-13"
0.083,FALSE,1,1,"#BID_ThermoSciPlastics_RTB_10031106#VT_072916","#BID_ThermoSciPlastics_RTB_10031106#VT_072916",TRUE,25,21.94,"z","thermo_fisher_scientific",0.034,1000001512,NA,63767,3.94,769671,0.344,1000011751,1,3652,18,331651000,"2016-12-13"
0.205,FALSE,10,1,"#GSD_3500 Genetic Analyzer_RT_10033014#","#GSD_3500 Genetic Analyzer_RT_10033014#",TRUE,14,68.4,"z","thermo_fisher_scientific",0.223,1000001420,70,15404,-1.61,74989,4.441,1000010848,1,3652,70.01,441000,"2016-12-13"
0.504,FALSE,3,1,"#BID_Immunoprecipitation_RTB_10031030#RT_080516","#BID_Immunoprecipitation_RTB_10031030#RT_080516",TRUE,294,28.64,"z","thermo_fisher_scientific",0.134,1000001527,NA,7942,-0.37,15760,3.607,1000011801,1,3652,29.01,2834000,"2016-12-13"
0.018,FALSE,1,1,"#BID_Match Video_RTB_10031220#VT_070316","#BID_Match Video_RTB_10031220#VT_070316",TRUE,44,36.24,"z","thermo_fisher_scientific",0.025,1000001473,18,85661,18.23,4755605,0.423,1000011541,1,3652,18.01,341882000,"2016-12-13"
0.215,FALSE,3,1,"#GSD_Appletini_New_RT_10033076#","#GSD_Appletini_New_RT_10033076#",TRUE,40,49.42,"z","thermo_fisher_scientific",0.122,1000001536,NA,20485,-0.59,95309,2.412,1000011832,1,3652,50.01,1120000,"2016-12-13"
0.078,FALSE,1,1,"#BID_ATC_RTB_10031260#VT_101616","#BID_ATC_RTB_10031260#VT_101616",TRUE,103,31.94,"z","thermo_fisher_scientific",0.271,1000001596,NA,125648,-0.06,1606770,0.254,1000012522,1,3652,32,14130000,"2016-12-13"
0.12,FALSE,3,1,"#BID_ATC_RTB_10031260#RT_101616","#BID_ATC_RTB_10031260#RT_101616",TRUE,93,49.74,"z","thermo_fisher_scientific",0.108,1000001595,NA,40865,-0.26,339525,1.217,1000012521,1,3652,50,4793000,"2016-12-13"
0.223,FALSE,1,14,"Display Trade In Trade Up","#GSD_Trade In Trade Up_VT_10033076#",TRUE,60,38.8,"a","thermo_fisher_scientific",0.001,1000001059,NA,201302,-0.08,904318,0.193,1000009774,1,3652,38.88,2450175000,"2016-12-13"
0.199,FALSE,3,1,"#BID_IVT Discovery Promo_RTB_10031220#RT_111616","#BID_IVT Discovery Promo_RTB_10031220#RT_111616",TRUE,718,42.47,"z","thermo_fisher_scientific",0.13,1000001621,NA,12770,-0.53,64323,3.326,1000012564,1,3652,43,534000,"2016-12-13"
0.199,FALSE,3,1,"#GSD_Emmett_RT_100311076#","#GSD_Emmett_RT_100311076#",TRUE,348,91.76,"z","thermo_fisher_scientific",0.087,1000001575,69,46505,-0.25,233578,1.973,1000012480,1,3652,92.01,2850000,"2016-12-13"
0.089,FALSE,3,1,"#BID_Protein Prep Lysis Buffers_RTB_10031103#RT_110316","#BID_Protein Prep Lysis Buffers_RTB_10031103#RT_110316",TRUE,133,31.89,"z","thermo_fisher_scientific",0.055,1000001613,NA,16823,-0.12,189226,1.895,1000012552,1,3652,32.01,3652000,"2016-12-13"
0.316,TRUE,3,1,"Display FBS Fingerpainting","#BID_FBS Fingerprinting_RTB_10033008#RT_040316",TRUE,66,38.78,"z","thermo_fisher_scientific",0.03,1000001144,NA,14414,-0.23,45604,2.69,1000009829,1,3652,39.01,10403000,"2016-12-13"
0.033,FALSE,1,1,"#GSD_3500 Genetic Analyzer_VT_10033014#","#GSD_3500 Genetic Analyzer_VT_10033014#",TRUE,46,34.22,"z","thermo_fisher_scientific",0.012,1000001535,NA,77023,1.21,2320709,0.444,1000011831,1,3652,33.01,433468000,"2016-12-13"
0.003,FALSE,1,1,"#GSD_qPCR Consumables EMEA _VT_10033076#","#GSD_qPCR Consumables EMEA _VT_10033076#",TRUE,119,117.78,"z","thermo_fisher_scientific",0.965,1000001624,NA,308140,-12.23,106227013,0.382,1000012567,1,3652,130.01,205965000,"2016-12-13"
0.017,FALSE,5,1,"#BID_SureCast_RTB_10031103#VT_040316","#BID_SureCast_RTB_10031103#VT_040316",TRUE,9,11.93,"z","thermo_fisher_scientific",0.008,1000001348,NA,55001,-0.07,3322380,0.217,1000010695,1,3652,12,1958050000,"2016-12-13"
0.243,FALSE,1,5,"#GSD_Ampliseq_VT_NEW_10031130#","#GSD_Ampliseq_VT_NEW_10031130#",TRUE,155,40.01,"z","thermo_fisher_scientific",0.004,1000001264,NA,243749,0,1003012,0.164,1000008534,1,3652,40.01,382329000,"2016-12-13"
0.053,FALSE,1,1,"#CMS_Project Troy_RTB_CH101C02828#VT_08262016","#CMS_Project Troy_RTB_CH101C02828#VT_08262016",TRUE,330,106.49,"z","thermo_fisher_scientific",0.024,1000001552,NA,543963,-0.52,10271509,0.196,1000011973,1,3652,107.01,4296075000,"2016-12-13"
0.557,FALSE,3,1,"#BID_CytoTune 2.0_RTB_10031120#RT_041516","#BID_CytoTune 2.0_RTB_10031120#RT_041516",TRUE,40,25.86,"z","thermo_fisher_scientific",0.012,1000001357,NA,24432,-0.15,43875,1.058,1000010714,1,3652,26.01,13326000,"2016-12-13"
0.192,TRUE,3,1,"#BID_Sample Handling Guide_RTB_10031220#RT_070316","#BID_Sample Handling Guide_RTB_10031220#RT_070316",TRUE,321,53.99,"z","thermo_fisher_scientific",0.029,1000001489,NA,31608,-0.02,165008,1.708,1000011668,1,3652,54.01,6041000,"2016-12-13"
0.154,FALSE,3,1,"#NA_EOQ4-2016_10031023#","#NA_EOQ4-2016_10031023#",TRUE,1015,279.05,"z","thermo_fisher_scientific",0.188,1000001626,NA,74511,-0.96,482348,3.745,1000012651,1,3652,280.01,2580000,"2016-12-13"
0.503,TRUE,3,1,"Display SYBR Green RT","#GSD_Sybr Green_NEW_RT_10033076#",TRUE,19,54.05,"z","thermo_fisher_scientific",0.227,1000001180,NA,14829,0.04,29492,3.645,1000008293,1,3652,54.01,179000,"2016-12-13"
0.135,FALSE,6,1,"Display SureCast","#BID_SureCast_RTB_10031103#RT_040316",TRUE,240,35.91,"z","thermo_fisher_scientific",0.083,1000001094,NA,64845,-0.09,480558,0.554,1000009532,1,3652,36,17052000,"2016-12-13"
0.098,FALSE,1,1,"EPM_NuclearGauges_Awareness_193097157255","EPM_NuclearGauges_Awareness_193097157255",TRUE,35,13.98,"z","thermo_fisher_scientific",0.006,1000001570,NA,77384,-0.03,787480,0.181,1000012452,1,3652,14.01,359050000,"2016-12-13"
0.108,FALSE,1,1,"#BID_IP King _RTB_10031030#RT_072016","#BID_IP King _RTB_10031030#RT",TRUE,3,10.17,"z","thermo_fisher_scientific",0.54,1000001501,NA,1165,-88.84,10791,8.729,1000011740,1,3652,99.01,35000,"2016-12-13"
0.219,FALSE,3,1,"#GSD_qPCR Consumables _RT_10033076#","#GSD_qPCR Consumables _RT_10033076#",TRUE,3,194.75,"z","thermo_fisher_scientific",0.464,1000001620,NA,30434,-5.26,138856,6.399,1000012563,1,3652,200.01,306000,"2016-12-13"
0.011,FALSE,1,7,"Display Nano Drop One","#CAD_NanoDrop One_NEW_TERM",TRUE,4,6.08,"z","thermo_fisher_scientific",0.347,1000001032,6,13905,-5.06,1248401,0.437,1000009545,1,3652,11.14,6833000,"2016-12-13"
0.177,FALSE,3,1,"#BID_FAS Tech Support_RTB_10031220#RT_101016","#BID_FAS Tech Support_RTB_10031220#RT_101016",TRUE,315,29.95,"z","thermo_fisher_scientific",0.045,1000001593,NA,22384,-0.06,126237,1.338,1000012513,1,3652,30.01,2993000,"2016-12-13"
0.596,FALSE,3,1,"#BID_Western Workflow Substrates_RTB_10031103#RT_110316","#BID_Western Workflow Substrates_RTB_10031103#RT_110316",TRUE,298,31.84,"z","thermo_fisher_scientific",0.032,1000001614,NA,7151,-0.17,12000,4.452,1000012553,1,3652,32.01,4162000,"2016-12-13"
0.151,FALSE,1,1,"#GSD_Emmett_VT_100311076#","#GSD_Emmett_VT_100311076#",TRUE,116,44.93,"z","thermo_fisher_scientific",0.008,1000001576,NA,253333,-0.08,1675530,0.177,1000012481,1,3652,45.01,487812000,"2016-12-13"
0.036,FALSE,1,14,"Display SuperScript (MolBio)","#DSI_SuperScript_10031017#",TRUE,3,8.94,"a","thermo_fisher_scientific",0.045,1000001119,NA,27473,0.93,769218,0.326,1000009542,1,3652,8.01,111571000,"2016-12-13"
0.11,FALSE,1,3,"#BID_ThermoSciTubes_RTB_10031106#RT_072916","#BID_ThermoSciTubes_RTB_10031106#RT_072916",TRUE,173,49.88,"z","thermo_fisher_scientific",0.023,1000001513,NA,267646,-0.12,2424732,0.186,1000011752,1,3652,50,951261000,"2016-12-13"
0.007,FALSE,1,1,"#GSD_NGM Detect_VT_10033073#","#GSD_NGM Detect_VT_10033073#",TRUE,48,31.34,"z","thermo_fisher_scientific",0.279,1000001600,NA,137757,-4.67,18732395,0.228,1000012528,1,3652,36.01,88630000,"2016-12-13"
0.009,FALSE,3,1,"Display Jumpstart","#Jumpstart_RT",TRUE,0,0.13,"a","thermo_fisher_scientific",0.592,1000001103,NA,453,-69.88,48570,0.286,1000009986,1,3652,70.01,3366000,"2016-12-13"
0.021,FALSE,1,1,"#BID_CRISPR Editing Webinar_RTB_10031067#VT_120116","#BID_CRISPR Editing Webinar_RTB_10031067#VT_120116",TRUE,146,36.84,"z","thermo_fisher_scientific",0.079,1000001628,NA,168923,-0.16,8100970,0.218,1000012655,1,3652,37,827204000,"2016-12-13"
0.244,FALSE,1,3,"Display Expi293 Structural Biology","#BID_Expi293 Struct. Bio._RTB_10033008#RT_040316",TRUE,255,83.5,"a","thermo_fisher_scientific",0.62,1000000874,75,24768,-11.51,101675,3.371,1000008499,1,3652,95.01,172000,"2016-12-13"
0.12,FALSE,1,14,"Display Beautiful Science (Alexa Flour)","#BID_Beautiful Science AF_RTB_10031220#VT_040316",TRUE,292,144.17,"z","thermo_fisher_scientific",0.094,1000001267,NA,735822,-0.83,6124296,0.196,1000008590,1,3652,145,93206000,"2016-12-13"
0.003,FALSE,1,14,"Display Mastermix (qPCR)","#DSI_MasterMix_10031017#",TRUE,23,12.07,"z","thermo_fisher_scientific",0.14,1000001095,NA,42551,0.06,15422051,0.284,1000009540,1,3652,12.01,124588000,"2016-12-13"
0.101,FALSE,1,20,"Display Cas9","#BID_Cas9 Protein_RTB_10031067#VT_040316",TRUE,58,44.77,"z","thermo_fisher_scientific",0.039,1000000911,NA,199440,-0.24,1980058,0.224,1000008702,1,3652,45.01,323120000,"2016-12-13"
0.084,TRUE,2,1,"#IPAC_ABM-WesternWorkflowBundle_70431011#","#IPAC_ABM-WesternWorkflowBundle_70431011#",TRUE,45,47.04,"z","thermo_fisher_scientific",0.108,1000001372,NA,134147,0.03,1592145,0.351,1000010800,1,3652,47.01,19632000,"2016-12-13"
0.075,FALSE,4,1,"#BID_Display_Qubit_RTB_18833004#RT_040316","#BID_QUBIT_RTB_18833004#RT_040316",TRUE,138,44.99,"z","thermo_fisher_scientific",0.064,1000001447,NA,265879,-0.02,3553115,0.169,1000011211,1,3652,45.01,610325000,"2016-12-13"
0.008,FALSE,1,3,"Display Trade In Trade Up","#GSD_Trade In Trade Up_RT_10033076#",TRUE,2,0.1,"a","thermo_fisher_scientific",0.165,1000001059,NA,351,-39.9,43036,0.296,1000009559,1,3652,40,3087000,"2016-12-13"
0.507,TRUE,3,1,"#GSD_NGM Detect_RT_10033073#","#GSD_NGM Detect_RT_10033073#",TRUE,7,20.17,"z","thermo_fisher_scientific",0.869,1000001597,NA,4845,-39.84,9562,4.163,1000012523,1,3652,60.01,14000,"2016-12-13"
0.113,FALSE,1,1,"LVI_Adobe_Excalibur_OpenExchange_AMO","LVI_Adobe_Excalibur_OpenExchange_AMO",TRUE,12,148.22,"a","mgm_resorts",0.001,1000000158,NA,81324,1.22,720801,1.823,1000002608,1,4737,147,1236729000,"2016-12-13"
0.054,FALSE,1,1,"VI_Adobe_Delano_Curated Channel_AMO","VI_Adobe_Delano_Curated Channel_AMO",TRUE,0,3.07,"a","mgm_resorts",0.185,1000000152,NA,669,1.07,12386,4.59,1000002602,1,4737,2,570000,"2016-12-13"
0.03,FALSE,1,1,"MGI_Adobe_Excalibur_OpenExchange_AMO","MGI_Adobe_Excalibur_OpenExchange_AMO",TRUE,25,261.49,"a","mgm_resorts",0.057,1000000159,NA,142159,0.49,4774363,1.839,1000002609,1,4737,261,89604000,"2016-12-13"
0.026,FALSE,1,1,"MGI_Adobe_Mirage_OpenExchange_AMO","MGI_Adobe_Mirage_OpenExchange_AMO",TRUE,22,162.31,"a","mgm_resorts",0.042,1000000142,NA,117154,-1912.69,4545816,1.385,1000002555,1,4737,2075,110480000,"2016-12-13"
0.02,FALSE,1,1,"MGI_Adobe_Mandalay Bay_OpenExchange_AMO","MGI_Adobe_Mandalay Bay_OpenExchange_AMO",TRUE,35,242.23,"a","mgm_resorts",0.048,1000000138,NA,174159,-1573.77,8588778,1.391,1000002551,1,4737,1816,188498000,"2016-12-13"
0.141,FALSE,1,1,"VI_Adobe_NYNY_Open Exchange_AMO","VI_Adobe_NYNY_Open Exchange_AMO",TRUE,2,22.19,"a","mgm_resorts",0,1000000165,NA,12451,0.19,88235,1.782,1000002615,1,4737,22,1227092000,"2016-12-13"
0.096,FALSE,1,1,"MGI_Adobe_Delano_OpenExchange_AMO","MGI_Adobe_Delano_OpenExchange_AMO",TRUE,3,72.2,"a","mgm_resorts",0.002,1000000155,NA,39212,0.2,408278,1.841,1000002605,1,4737,72,187987000,"2016-12-13"
0.122,FALSE,1,1,"VI_Adobe_Excalibur_Open Exchange_AMO","VI_Adobe_Excalibur_Open Exchange_AMO",TRUE,4,30.36,"a","mgm_resorts",0,1000000157,NA,16755,0.36,137728,1.812,1000002607,1,4737,30,2398312000,"2016-12-13"
0.122,FALSE,1,1,"VI_Adobe_Vdara_Open Exchange_AMO","VI_Adobe_Vdara_Open Exchange_AMO",TRUE,5,42.44,"a","mgm_resorts",0,1000000144,NA,31147,0.44,254387,1.363,1000002557,1,4737,42,4169062000,"2016-12-13"
0.024,FALSE,1,1,"LVI_Adobe_Mirage_OpenExchange_AMO","LVI_Adobe_Mirage_OpenExchange_AMO",TRUE,152,896.25,"a","mgm_resorts",0.099,1000000141,NA,656067,6.25,27419663,1.366,1000002554,1,4737,890,278609000,"2016-12-13"
0.037,FALSE,1,1,"VI_Adobe_NYNY_Curated Channel_AMO","VI_Adobe_NYNY_Curated Channel_AMO",TRUE,0,5.43,"a","mgm_resorts",0.242,1000000164,NA,1184,4.93,31978,4.59,1000002614,1,4737,0.5,822000,"2016-12-13"
0.122,FALSE,1,1,"LVI_Adobe_Signature_OpenExchange_AMO","LVI_Adobe_Signature_OpenExchange_AMO",TRUE,1,33.32,"a","mgm_resorts",0,1000000170,NA,18350,0.32,149948,1.816,1000002620,1,4737,33,798948000,"2016-12-13"
0.001,FALSE,1,1,"LVI_Adobe_Luxor_OpenExchange_AMO","LVI_Adobe_Luxor_OpenExchange_AMO",TRUE,65,101.93,"z","mgm_resorts",0.218,1000000162,NA,103784,-63.07,90559123,0.982,1000002612,1,4737,165,418893000,"2016-12-13"
0.032,FALSE,1,1,"MGI_Adobe_MGM Grand_OpenExchange_AMO","MGI_Adobe_MGM Grand_OpenExchange_AMO",TRUE,8,94.75,"a","mgm_resorts",0.032,1000000121,NA,68373,-1421.25,2106292,1.386,1000002487,1,4737,1516,68016000,"2016-12-13"
0.098,FALSE,1,1,"VI_Adobe_Bellagio_Open Exchange_AMO","VI_Adobe_Bellagio_Open Exchange_AMO",TRUE,31,324.47,"a","mgm_resorts",0.001,1000000132,NA,235657,4.47,2410978,1.377,1000002525,1,4737,320,2571354000,"2016-12-13"
0.117,FALSE,1,1,"VI_Adobe_Luxor_Open Exchange_AMO","VI_Adobe_Luxor_Open Exchange_AMO",TRUE,4,43.85,"z","mgm_resorts",0,1000000161,NA,25570,-0.15,218089,1.715,1000002611,1,4737,44,1429923000,"2016-12-13"
0.001,FALSE,1,1,"LVI_Adobe_Bellagio_OpenExchange_AMO","LVI_Adobe_Bellagio_OpenExchange_AMO",TRUE,31,45.15,"z","mgm_resorts",0.167,1000000133,NA,123779,-1244.85,147916957,0.365,1000002526,1,4737,1290,933238000,"2016-12-13"
0.143,FALSE,1,1,"LVI_Adobe_Delano_OpenExchange_AMO","LVI_Adobe_Delano_OpenExchange_AMO",TRUE,0,4.21,"a","mgm_resorts",0,1000000154,NA,2326,-1.61,16255,1.811,1000002604,1,4737,5.82471076513895,986143000,"2016-12-13"
0.021,FALSE,1,1,"MGI_Adobe_Luxor_OpenExchange_AMO","MGI_Adobe_Luxor_OpenExchange_AMO",TRUE,44,270.67,"a","mgm_resorts",0.119,1000000163,NA,146935,-117.33,7130828,1.842,1000002613,1,4737,388,63229000,"2016-12-13"
0.057,FALSE,1,1,"VI_Adobe_Mirage_Curated Channel_AMO","VI_Adobe_Mirage_Curated Channel_AMO",TRUE,1,49.32,"a","mgm_resorts",0.395,1000000139,NA,10745,-41.68,186981,4.59,1000002552,1,4737,91,479000,"2016-12-13"
0.024,FALSE,1,1,"MGI_Adobe_Bellagio_OpenExchange_AMO","MGI_Adobe_Bellagio_OpenExchange_AMO",TRUE,24,187.99,"a","mgm_resorts",0.061,1000000134,NA,135048,-2364.01,5727415,1.392,1000002527,1,4737,2552,101875000,"2016-12-13"
0.798,FALSE,1,1,"VI_Adobe_MGM Grand_Curated Channel_AMO","VI_Adobe_MGM Grand_Curated Channel_AMO",TRUE,1,52.79,"a","mgm_resorts",0.036,1000000119,NA,9146,-0.21,11464,5.772,1000002485,1,4737,53,329000,"2016-12-13"
0.057,FALSE,1,1,"VI_Adobe_Luxor_Curated Channel_AMO","VI_Adobe_Luxor_Curated Channel_AMO",TRUE,0,2.97,"a","mgm_resorts",0.055,1000000160,NA,648,-0.03,11418,4.59,1000002610,1,4737,3,377000,"2016-12-13"
0.098,FALSE,1,1,"LVI_Adobe_MGM Grand_OpenExchange_AMO","LVI_Adobe_MGM Grand_OpenExchange_AMO",TRUE,74,592.14,"a","mgm_resorts",0.001,1000000120,NA,438955,4.14,4456441,1.349,1000002486,1,4737,588,3118951000,"2016-12-13"
0.131,FALSE,1,1,"VI_Adobe_MGM Grand_Open Exchange_AMO","VI_Adobe_MGM Grand_Open Exchange_AMO",TRUE,8,136.08,"a","mgm_resorts",0,1000000118,NA,101107,1.08,769211,1.346,1000002484,1,4737,135,5029628000,"2016-12-13"
0.015,TRUE,1,1,"VI_Adobe_Circus Circus_Open Exchange_AMO","VI_Adobe_Circus Circus_Open Exchange_AMO",TRUE,2,11.61,"z","mgm_resorts",0.001,1000000149,NA,14995,7.61,1029842,0.774,1000002599,1,4737,4,2000084000,"2016-12-13"
0.022,FALSE,1,1,"MGI_Adobe_Aria_OpenExchange_AMO","MGI_Adobe_Aria_OpenExchange_AMO",TRUE,2,174.73,"a","mgm_resorts",0.041,1000000129,NA,126412,-1084.27,5659731,1.382,1000002522,1,4737,1259,142086000,"2016-12-13"
0.038,FALSE,1,1,"MGI_Adobe_Signature_OpenExchange_AMO","MGI_Adobe_Signature_OpenExchange_AMO",TRUE,11,82.42,"a","mgm_resorts",0.049,1000000171,NA,45133,0.42,1177869,1.826,1000002621,1,4737,82,24882000,"2016-12-13"
0.13,FALSE,1,1,"LVI_Adobe_Monte Carlo_OpenExchange_AMO","LVI_Adobe_Monte Carlo_OpenExchange_AMO",TRUE,3,52.5,"a","mgm_resorts",0,1000000124,NA,38637,0.5,296632,1.359,1000002490,1,4737,52,3066157000,"2016-12-13"
0.058,FALSE,1,1,"VI_Adobe_Mandalay Bay_Curated Channel_AMO","VI_Adobe_Mandalay Bay_Curated Channel_AMO",TRUE,6,25.98,"a","mgm_resorts",0.368,1000000135,NA,5660,-35.02,96866,4.59,1000002528,1,4737,61,267000,"2016-12-13"
0.117,FALSE,1,1,"VI_Adobe_Signature_Open Exchange_AMO","VI_Adobe_Signature_Open Exchange_AMO",TRUE,0,12.8,"a","mgm_resorts",0,1000000169,NA,7094,9.8,60758,1.805,1000002619,1,4737,3,2263751000,"2016-12-13"
0.023,FALSE,1,1,"MGI_Adobe_Vdara_OpenExchange_AMO","MGI_Adobe_Vdara_OpenExchange_AMO",TRUE,37,222.35,"a","mgm_resorts",0.047,1000000146,NA,160038,-101.65,6927291,1.389,1000002559,1,4737,324,154900000,"2016-12-13"
0.123,FALSE,1,1,"LVI_Adobe_Circus Circus_OpenExchange_AMO","LVI_Adobe_Circus Circus_OpenExchange_AMO",TRUE,5,42.47,"a","mgm_resorts",0,1000000150,NA,23350,0.47,189434,1.819,1000002600,1,4737,42,806125000,"2016-12-13"
0.116,FALSE,1,1,"VI_Adobe_Mirage_Open Exchange_AMO","VI_Adobe_Mirage_Open Exchange_AMO",TRUE,16,221.99,"a","mgm_resorts",0.001,1000000140,NA,165652,0.99,1426233,1.34,1000002553,1,4737,221,1437487000,"2016-12-13"
0.135,FALSE,1,1,"VI_Adobe_Delano_Open Exchange_AMO","VI_Adobe_Delano_Open Exchange_AMO",TRUE,2,12.94,"a","mgm_resorts",0,1000000153,NA,7184,0.94,53276,1.802,1000002603,1,4737,12,2601845000,"2016-12-13"
0.055,FALSE,1,1,"VI_Adobe_Bellagio_Curated Channel_AMO","VI_Adobe_Bellagio_Curated Channel_AMO",TRUE,4,53.35,"a","mgm_resorts",0.42,1000000131,NA,11623,-62.65,212726,4.59,1000002524,1,4737,116,510000,"2016-12-13"
0.057,FALSE,1,1,"LVI_Adobe_Aria_OpenExchange_AMO","LVI_Adobe_Aria_OpenExchange_AMO",TRUE,19,567.93,"a","mgm_resorts",0.005,1000000128,NA,420155,2.93,7413957,1.352,1000002521,1,4737,565,1684814000,"2016-12-13"
0.099,FALSE,1,1,"LVI_Adobe_Vdara_OpenExchange_AMO","LVI_Adobe_Vdara_OpenExchange_AMO",TRUE,26,181.67,"a","mgm_resorts",0.001,1000000145,NA,133340,1.67,1346057,1.362,1000002558,1,4737,180,1298801000,"2016-12-13"
0.012,FALSE,1,1,"MGI_Adobe_Circus Circus_OpenExchange_AMO","MGI_Adobe_Circus Circus_OpenExchange_AMO",TRUE,3,2.53,"a","mgm_resorts",0.63,1000000151,NA,1327,-75.47,110192,1.905,1000002601,1,4737,78,178000,"2016-12-13"
0.104,FALSE,1,1,"VI_Adobe_Mandalay Bay_Open Exchange_AMO","VI_Adobe_Mandalay Bay_Open Exchange_AMO",TRUE,13,173.56,"a","mgm_resorts",0,1000000136,NA,127553,1.56,1222446,1.361,1000002529,1,4737,172,2727142000,"2016-12-13"
0.129,FALSE,1,1,"LVI_Adobe_NYNY_OpenExchange_AMO","LVI_Adobe_NYNY_OpenExchange_AMO",TRUE,14,114.9,"a","mgm_resorts",0.001,1000000166,NA,63358,0.9,491573,1.813,1000002616,1,4737,114,422785000,"2016-12-13"
0.079,FALSE,1,1,"MGM Retargeting DCO","MGM Retargeting DCO",TRUE,610,9880.43,"z","mgm_resorts",0.129,1000000112,12000,1471082,0.43,18642413,6.716,1000002165,1,4737,9880,145411000,"2016-12-13"
0.105,FALSE,1,1,"VI_Adobe_Aria_Open Exchange_AMO","VI_Adobe_Aria_Open Exchange_AMO",TRUE,3,146.82,"a","mgm_resorts",0,1000000127,NA,108640,1.82,1037420,1.351,1000002520,1,4737,145,6020804000,"2016-12-13"
0.084,FALSE,1,1,"VI_Adobe_Excalibur_Curated Channel_AMO","VI_Adobe_Excalibur_Curated Channel_AMO",TRUE,2,9.92,"a","mgm_resorts",0.073,1000000156,NA,2161,-0.08,25752,4.59,1000002606,1,4737,10,363000,"2016-12-13"
0.066,FALSE,1,1,"VI_Adobe_Aria_Curated Channel_AMO","VI_Adobe_Aria_Curated Channel_AMO",TRUE,2,18.5,"a","mgm_resorts",0.314,1000000130,NA,4031,-46.5,60868,4.59,1000002523,1,4737,65,199000,"2016-12-13"
0.035,FALSE,1,1,"LVI_Adobe_Mandalay Bay_OpenExchange_AMO","LVI_Adobe_Mandalay Bay_OpenExchange_AMO",TRUE,102,730.84,"a","mgm_resorts",0.023,1000000137,NA,532366,5.84,15317031,1.373,1000002530,1,4737,725,684854000,"2016-12-13"
0.279,FALSE,1,1,"TestCampaign_New_AppNexus","TestCampaign_New_AppNexus",TRUE,9,1,"z","qa_intl",0,1000000360,NA,7535,0,27036,0.133,1000054857,1,81,1,152729000,"2016-12-13"
0.276,FALSE,46,18,"tommy_e2e_image_1481067669250","tommy_e2e_image_1481067669250",TRUE,0,0,"z","qa_intl",NA,1000000720,NA,27,-0.01,98,0.114,1000089241,1,81,0.01,1000,"2016-12-13"
0.041,FALSE,2,1,"Test_AtlasTracking","Test_AtlasTracking",TRUE,3,5.16,"a","qa_intl",0.004,1000000715,NA,6582,0.16,162233,0.784,1000089208,1,81,5,102158000,"2016-12-13"
0.097,FALSE,2,1,"RT_CH","RT_CH",TRUE,8,34.79,"a","helvetia_ch",0.762,1000000013,NA,10853,-65.21,112062,3.206,1000000527,1,76,100,165000,"2016-12-13"
0.467,FALSE,2,1,"VanGraaf_P_DE","VanGraaf_P_DE",TRUE,139,536.16,"a","vangraaf",0.001,1700000000,NA,285501,-551.84,611251,1.878,1700000308,1,851,1088,1197211000,"2016-12-13"
0.296,FALSE,8,1,"K’Ching Remarketing","K’Ching Remarketing",TRUE,0,2.67,"a","kbc.be",1.24,1000000027,NA,1102,-713.4,3720,2.421,1000001959,1,522,716.072780403007,22000,"2016-12-13"
0.267,FALSE,5,1,"Mobile Pricos Remarketing","Mobile Pricos Remarketing",TRUE,4,15.18,"z","kbc.be",0.65,1000000030,298,4694,-282.94,17562,3.233,1000001984,1,522,298.12,84000,"2016-12-13"
0.77,FALSE,6,0,"K’Ching Prospection","K’Ching Prospection",TRUE,116,554.7,"z","kbc.be",0.644,1000000026,1471,109057,-916.52,141641,5.086,1000001958,1,522,1471.22,6445000,"2016-12-13"
0.73,FALSE,5,1,"KBC Mobile Prospection","KBC Mobile Prospection",TRUE,83,615.87,"z","kbc.be",0.874,1000000028,1051,120656,-435.67,165260,5.104,1000001967,1,522,1051.53,251000,"2016-12-13"
0.367,FALSE,3,1,"j-20-adx-mp-r4-rmkt","j-20-adx-mp-r4-rmkt",TRUE,65,151.6,"a","itau_jussi",0.498,1000000261,NA,22155,-2.4,60287,6.843,1000007902,1,553,154,121000,"2016-12-13"
0.331,FALSE,3,1,"j-tam-adx-mp-r4-rmkt","j-tam-adx-mp-r4-rmkt",TRUE,3,8.53,"a","itau_jussi",0.6,1000000264,NA,1190,-6.87,3599,7.17,1000008115,1,553,15.4,6000,"2016-12-13"
0.392,FALSE,3,1,"j-tam-adx-mp-r3-rmkt","j-tam-adx-mp-r3-rmkt",TRUE,7,26.77,"a","itau_jussi",0.814,1000000263,NA,4145,-11.23,10578,6.458,1000008114,1,553,38,13000,"2016-12-13"
0.491,FALSE,3,1,"j-20-adx-mp-r3-rmkt","j-20-adx-mp-r3-rmkt",TRUE,15,99.24,"a","itau_jussi",0.022,1000000260,NA,16882,-0.76,34391,5.879,1000007901,1,553,100,1616000,"2016-12-13"
0.474,FALSE,1,1,"j-20-adx-mp-r1-rmkt","j-20-adx-mp-r1-rmkt",TRUE,3,53.55,"a","itau_jussi",0.024,1000000258,NA,8685,-0.45,18306,6.166,1000007899,1,553,54,749000,"2016-12-13"
0.424,FALSE,3,1,"j-tudoazul-adx-mp-r4-rmkt","j-tudoazul-adx-mp-r4-rmkt",TRUE,4,2.46,"a","itau_jussi",0.43,1000000266,NA,365,-12.54,860,6.739,1000008117,1,553,15,2000,"2016-12-13"
0.476,FALSE,3,1,"j-20-adx-mp-r2-rmkt","j-20-adx-mp-r2-rmkt",TRUE,6,53.53,"a","itau_jussi",0.03,1000000259,NA,8744,-0.47,18387,6.122,1000007900,1,553,54,618000,"2016-12-13"
0.372,FALSE,3,1,"j-tudoazul-adx-mp-r3-rmkt","j-tudoazul-adx-mp-r3-rmkt",TRUE,6,36.68,"a","itau_jussi",0.293,1000000265,NA,4803,-1.32,12909,7.637,1000008116,1,553,38,44000,"2016-12-13"
0.337,FALSE,1,1,"PNS24_P_DE","PNS24_P_DE",TRUE,21,62.84,"a","prettynailshop24.de",0.132,1000000003,NA,22873,-17.16,67929,2.748,1000000157,1,726,80,544000,"2016-12-13"
0.403,FALSE,2,1,"PNS24_RT_DE","PNS24_RT_DE",TRUE,45,199.25,"a","prettynailshop24.de",0.354,1000000000,NA,27429,-1096.32,68022,7.264,1000000038,1,726,1295.5623888565,325000,"2016-12-13"
0.056,TRUE,1,0,"WFG_Returning_USD","WFG_Returning_USD",TRUE,9,100.74,"z","woolworths_supermarket",0.475,1700000005,NA,44875,0.74,806790,2.245,1700000005,1,800,100,1746000,"2016-12-13"
0.327,TRUE,1,0,"WFG_Returning_AUD","WFG_Returning_AUD",TRUE,22,250.1,"z","woolworths_supermarket",0.373,1700000003,NA,121568,0.1,372113,2.057,1700000003,1,800,250,1048000,"2016-12-13"
0.36,TRUE,1,1,"WFG_NewCustomers_AUD","WFG_NewCustomers_AUD",TRUE,550,2001.28,"z","woolworths_supermarket",0.158,1700000002,NA,2339624,1.28,6506639,0.855,1700000002,1,800,2000,41767000,"2016-12-13"
0.712,TRUE,3,1,"WFG_WinBack_AUD","WFG_WinBack_AUD",TRUE,4,133.45,"z","woolworths_supermarket",1.519,1700000004,NA,8655,-866.55,12155,15.419,1700000004,1,800,1000,9000,"2016-12-13"
0.035,TRUE,1,1,"WFG_NewCustomers_USD","WFG_NewCustomers_USD",TRUE,163,302.14,"z","woolworths_supermarket",0.227,1700000006,NA,880767,2.14,25488722,0.343,1700000006,1,800,300,114736000,"2016-12-13"
0.085,TRUE,1,1,"WFG_WinBack_USD","WFG_WinBack_USD",TRUE,2,68.04,"z","woolworths_supermarket",0.853,1700000007,NA,2474,-931.96,28985,27.504,1700000007,1,800,1000,35000,"2016-12-13"
0.444,FALSE,5,1,"Display_Citilink_Prospecting_PT","Display_Citilink_Prospecting_PT",TRUE,73,25.87,"z","magnus_citilink",0.003,1000000016,NA,130113,-24.13,292750,0.199,1000000298,1,700,50,376480000,"2016-12-13"
0.364,FALSE,10,1,"Display_Citilink_Prospecting_RON","Display_Citilink_Prospecting_RON",TRUE,10,2.75,"a","magnus_citilink",0,1000000015,NA,16505,-37.25,45286,0.167,1000000297,1,700,40,638820000,"2016-12-13"
0.268,TRUE,5,1,"Display _ Citilink _ Retargeting_USD","Display _ Citilink _ Retargeting_USD",TRUE,223,60.06,"z","magnus_citilink",0.494,1000000011,NA,248571,0.06,927954,0.242,1000000293,1,700,60,2176000,"2016-12-13"
0.354,TRUE,3,1,"Martin Display PM 2016","Martin Display PM 2016",TRUE,32,62.91,"z","studygroup.ef@downstreamonline.com.au",0.005,1610000681,NA,32698,-108.44,92305,1.924,1610098905,1,2570,171.35,149326000,"2016-12-13"
0.143,FALSE,3,1,"ACPE Display PM 2016","ACPE Display PM 2016",TRUE,46,70.34,"z","studygroup.ef@downstreamonline.com.au",0.017,1610000677,NA,62064,-1.83,433566,1.133,1610098901,1,2570,72.17,172113000,"2016-12-13"
0.453,TRUE,3,1,"Endeavour Display PM 2016","Endeavour Display PM 2016",TRUE,25,121.5,"z","studygroup.ef@downstreamonline.com.au",0.004,1610000679,140,76033,-18.55,167876,1.598,1610098903,1,2570,140.05,294103000,"2016-12-13"
0.399,FALSE,3,1,"DH_All_Retargeting_MaximizeClicks","DH_All_Retargeting_MaximizeClicks",TRUE,53,40.31,"z","makemytrip",0.025,1360000404,NA,76512,-4.69,191812,0.527,1360041347,1,1631,45,17752000,"2016-12-13"
0.297,TRUE,3,1,"DH_All_Retargeting_CombinedObjective","DH_All_Retargeting_CombinedObjective",TRUE,73,50.23,"z","makemytrip",0.1,1360000397,NA,119533,5.23,403076,0.42,1360040095,1,1631,45,8297000,"2016-12-13"
0.503,FALSE,3,1,"SuncorpBank HomeLending_Display_Performance_Prospecting_AUD_NEW","SuncorpBank_Homeloans_Prospecting_AUD",TRUE,17,64.54,"z","suncorp.ef@downstreamonline.com.au",0.001,1270001891,NA,39574,-2.46,78654,1.631,1270059235,1,1589,67,139105000,"2016-12-13"
0.612,FALSE,1,0,"SuncorpBank_CreditCards_Retargeting_AUD","SuncorpBank_CreditCards_Retargeting_AUD",TRUE,0,21.32,"z","suncorp.ef@downstreamonline.com.au",1.381,1270002141,NA,2536,-281.68,4144,8.407,1270065277,1,1589,303,3000,"2016-12-13"
0.498,FALSE,1,1,"SuncorpFuneral_Display_Prospecting_AUDnew","SuncorpFuneral_Display_Prospecting_AUD",TRUE,3,25.38,"z","suncorp.ef@downstreamonline.com.au",0,1270001954,NA,11744,0.38,23606,2.161,1270059732,1,1589,25,409815000,"2016-12-13"
0.754,FALSE,3,1,"AAMILife_Retargeting_AUD_New","AAMILife_Retargeting_AUD_New",TRUE,5,74.83,"z","suncorp.ef@downstreamonline.com.au",0.194,1270002078,NA,4831,-0.17,6404,15.49,1270062161,1,1589,75,38000,"2016-12-13"
0.408,FALSE,10,1,"SuncorpBank_CreditCards_Display_Prospecting_PMP_AUD","SuncorpBank_CreditCards_Display_Prospecting_PMP_AUD",TRUE,0,5.42,"a","suncorp.ef@downstreamonline.com.au",NA,1270002243,NA,736,-405.58,1806,7.361,1270069584,1,1589,411,0,"2016-12-13"
0.016,FALSE,1,1,"Suncorp IP_Display_Performance_Prospecting_USD_NEW","SuncorpIP_Prospecting_USD",TRUE,6,35.38,"z","suncorp.ef@downstreamonline.com.au",0.03,1270001872,NA,33307,0.38,2086807,1.062,1270059100,1,1589,35,97408000,"2016-12-13"
0.29,TRUE,2,1,"AAMI PI_DISPLAY_PERFORMANCE_RETARGETING_USD_HOMEv4","AAMI PI_DISPLAY_PERFORMANCE_RETARGETING_USD_HOMEv4",TRUE,2,15.52,"z","aami.ef@downstreamonline.com.au",0.909,1270002208,NA,1848,-24.48,6363,8.397,1270069044,1,2243,40,11000,"2016-12-13"
0.277,FALSE,3,1,"APIA PI_Display_Performance_RetargetingNewV3_USD","APIA PI_Display_Performance_RetargetingNewV3_USD",TRUE,13,88.85,"z","apia.ef@downstreamonline.com.au",0.135,1270002218,NA,20882,-1.15,75308,4.255,1270069211,1,2247,90,780000,"2016-12-13"
0.2,TRUE,1,1,"SuncorpPI_Display_Campaign_Prospecting_USD_USECASE_Lookalikes_Motor","SuncorpPI_Display_Campaign_Prospecting_USD_USECASE_Lookalikes_Motor",TRUE,1,89.77,"z","suncorp.ef@downstreamonline.com.au",0.57,1270002210,NA,3305,-60.23,16539,27.16,1270069105,1,1589,150,34000,"2016-12-13"
0.086,FALSE,1,1,"SuncorpFuneral_Display_Campaign_Prospecting_USD_$50 eftpos gift card","SuncorpFuneral_Display_Campaign_Prospecting_USD_$50 eftpos gift card",TRUE,17,104.89,"z","suncorp.ef@downstreamonline.com.au",0.045,1270002169,NA,65039,4.89,759181,1.613,1270067423,1,1589,100,21380000,"2016-12-13"
0.488,FALSE,1,2,"AAMILife_Prospecting_AUD","AAMILife_Prospecting_AUD",TRUE,35,100.42,"z","suncorp.ef@downstreamonline.com.au",0.001,1270001904,NA,64500,0.42,132082,1.557,1270059364,1,1589,100,167198000,"2016-12-13"
0.344,FALSE,1,2,"SuncorpLife_Prospecting_AUD","SuncorpLife_Prospecting_AUD",TRUE,47,198.8,"z","suncorp.ef@downstreamonline.com.au",0.006,1270001867,NA,237273,-1.2,689763,0.838,1270059094,1,1589,200,117037000,"2016-12-13"
0.378,FALSE,2,1,"SuncorpFuneral_Display_Retargeting_AUDnew","SuncorpFuneral_Display_Retargeting_AUD",TRUE,0,0.19,"z","suncorp.ef@downstreamonline.com.au",0.185,1270001955,NA,70,-34.81,185,2.729,1270059731,1,1589,35,3000,"2016-12-13"
0.754,TRUE,3,1,"SuncorpLife_Retargeting_AUD","SuncorpLife_Retargeting_AUD",TRUE,6,31.22,"z","suncorp.ef@downstreamonline.com.au",0.512,1270001994,NA,2318,-58.78,3074,13.467,1270059098,1,1589,90,6000,"2016-12-13"
0.67,TRUE,1,1,"SuncorpPI_Display_Campaign_Retargeting_AdX_USECASE_Lookalikes_Motor","SuncorpPI_Display_Campaign_Retargeting_AdX_USECASE_Lookalikes_Motor",TRUE,3,81.05,"z","suncorp.ef@downstreamonline.com.au",0.485,1270002203,NA,4868,-70.95,7268,16.651,1270069037,1,1589,152,15000,"2016-12-13"
0.512,TRUE,1,1,"SuncorpPI_Display_Campaign_Retargeting_AdX_USECASE_BAU_Motor","SuncorpPI_Display_Campaign_Retargeting_AdX_USECASE_BAU_Motor",TRUE,7,45.32,"z","suncorp.ef@downstreamonline.com.au",0.037,1270002202,NA,10078,0.32,19695,4.497,1270069036,1,1589,45,564000,"2016-12-13"
0.342,TRUE,2,1,"AAMI PI_DISPLAY_PERFORMANCE_RETARGETING_USD_HOME_LOOKALIKES","AAMI PI_DISPLAY_PERFORMANCE_RETARGETING_USD_HOME_LOOKALIKES",TRUE,2,29.85,"z","aami.ef@downstreamonline.com.au",0.895,1270002219,NA,3065,-10.15,8949,9.74,1270069347,1,2243,40,13000,"2016-12-13"
0.234,FALSE,1,1,"Suncorp CTP_DISPLAY_PERFORMANCE_RETARGETING_USD_OCT2016","Suncorp CTP_DISPLAY_PERFORMANCE_RETARGETING_USD_OCT2016",TRUE,8,45.1,"z","suncorp.ef@downstreamonline.com.au",0.24,1270002182,NA,2191,0.1,9379,20.585,1270068307,1,1589,45,45000,"2016-12-13"
0.356,FALSE,3,1,"SuncorpIP_Retargeting_AUD","SuncorpIP_Retargeting_AUD",TRUE,0,2.09,"z","suncorp.ef@downstreamonline.com.au",1.975,1270001871,NA,704,-12.91,1975,2.968,1270059099,1,1589,15,3000,"2016-12-13"
0.096,FALSE,1,1,"SuncorpLife_Prospecting_USD","SuncorpLife_Prospecting_USD",TRUE,29,205.23,"z","suncorp.ef@downstreamonline.com.au",0.009,1270002225,NA,92628,5.23,969167,2.216,1270069407,1,1589,200,259040000,"2016-12-13"
0.417,FALSE,1,1,"AAMIIP_Prospecting_AUD","AAMIIP_Prospecting_AUD",TRUE,13,114.79,"z","suncorp.ef@downstreamonline.com.au",0.001,1270001934,NA,58393,-0.21,140053,1.966,1270059559,1,1589,115,174473000,"2016-12-13"
0.345,TRUE,3,1,"SuncorpIP_Retargeting_USD","SuncorpIP_Retargeting_USD",TRUE,1,40.22,"z","suncorp.ef@downstreamonline.com.au",0.082,1270001873,NA,10171,0.22,29446,3.954,1270059101,1,1589,40,362000,"2016-12-13"
0.264,FALSE,1,1,"AAMI BI_DISPLAY_PERFORMANCE_PROSPECTING_USD_BUSINESSnew","AAMI_BusinessInsurance_Prospecting",TRUE,11,41.93,"z","suncorpcommercial.ef@downstreamonline.com.au",0.001,1270001848,NA,21326,1.53,80829,1.966,1270060478,1,1827,40.4,905251000,"2016-12-13"
0.32,FALSE,2,1,"SuncorpBank HomeLending_Display_Performance_Retargeting_USD_NEW","SuncorpBank_Homeloans_Retargeting_USD",TRUE,3,11.38,"z","suncorp.ef@downstreamonline.com.au",0.319,1270001961,NA,1124,-0.62,3509,10.127,1270059881,1,1589,12,15000,"2016-12-13"
0.379,FALSE,1,1,"SuncorpPI_Display_Campaign_Prospecting_AdX_USECASE_BAU_Motor","SuncorpPI_Display_Campaign_Prospecting_AdX_USECASE_BAU_Motor",TRUE,12,50.5,"z","suncorp.ef@downstreamonline.com.au",0.007,1270002201,NA,71858,0.5,189365,0.703,1270069035,1,1589,50,27549000,"2016-12-13"
0.53,TRUE,1,1,"APIA Funeral_Display_Performance_Prospecting_AUD- 1","APIA Funeral_Display_Performance_Prospecting_AUD",TRUE,22,59.81,"z","suncorp.ef@downstreamonline.com.au",0.001,1270001864,NA,39476,-0.19,74520,1.515,1270059080,1,1589,60,206513000,"2016-12-13"
0.243,FALSE,2,1,"AAMIIP_Display_Retargeting_USDnew","AAMIIP_Retargeting_USD",TRUE,6,12.32,"z","suncorp.ef@downstreamonline.com.au",0.284,1270001944,NA,414,-45.68,1703,29.762,1270059566,1,1589,58,7000,"2016-12-13"
0.277,FALSE,2,1,"SuncorpLife_Retargeting_USD","SuncorpLife_Retargeting_USD",TRUE,5,17.09,"z","suncorp.ef@downstreamonline.com.au",1.179,1270002226,NA,978,-42.91,3536,17.473,1270069408,1,1589,60,5000,"2016-12-13"
0.314,FALSE,1,1,"AAMIIP_Prospecting_USD","AAMIIP_Prospecting_USD",TRUE,7,90.26,"z","suncorp.ef@downstreamonline.com.au",0.001,1270001943,NA,35848,1.26,114302,2.518,1270059565,1,1589,89,226110000,"2016-12-13"
0.724,FALSE,2,1,"SuncorpPI_Display_Campaign_Retargeting_AdX_ProudtoProtect_FINAL","SuncorpPI_Display_Campaign_Retargeting_AdX_ProudtoProtect_FINAL",TRUE,3,31.66,"z","suncorp.ef@downstreamonline.com.au",1.811,1270002138,NA,2622,-18.34,3622,12.074,1270065270,1,1589,50,2000,"2016-12-13"
0.545,FALSE,1,1,"SuncorpIP_Prospecting_AUD","SuncorpIP_Prospecting_AUD",TRUE,2,30.11,"z","suncorp.ef@downstreamonline.com.au",0,1270001866,NA,14017,0.11,25730,2.148,1270059093,1,1589,30,407002000,"2016-12-13"
0.74,FALSE,2,1,"AAMIIP_Retargeting_AUD","AAMIIP_Retargeting_AUD",TRUE,7,29.29,"z","suncorp.ef@downstreamonline.com.au",0.611,1270001945,NA,1809,-60.71,2444,16.194,1270059582,1,1589,90,5000,"2016-12-13"
0.506,TRUE,3,1,"SuncorpBank HomeLending_Display_Performance_Retargeting_AUD_NEW","SuncorpBank_Homeloans_Retargeting_AUD",TRUE,5,17,"z","suncorp.ef@downstreamonline.com.au",0.571,1270001893,NA,2601,-1,5136,6.537,1270059244,1,1589,18,10000,"2016-12-13"
0.734,FALSE,1,1,"Suncorp CTP_DISPLAY_PERFORMANCE_RETARGETING_AUD_OCT2016","Suncorp CTP_DISPLAY_PERFORMANCE_RETARGETING_AUD_OCT2016",TRUE,0,10.73,"z","suncorp.ef@downstreamonline.com.au",0.584,1270002183,NA,856,-21.27,1167,12.535,1270068312,1,1589,32,3000,"2016-12-13"
0.312,TRUE,2,1,"AAMI PI_DISPLAY_PERFORMANCE_PROSPECTING_USD_HOME_LOOKALIKES","AAMI PI_DISPLAY_PERFORMANCE_PROSPECTING_USD_HOME_LOOKALIKES",TRUE,3,37.38,"z","aami.ef@downstreamonline.com.au",0.98,1270002206,NA,6416,-42.62,20576,5.826,1270069042,1,2243,80,25000,"2016-12-13"
0.259,FALSE,1,1,"SuncorpFuneral_Display_Prospecting_USDnew","SuncorpFuneral_Display_Prospecting_USD",TRUE,1,20.05,"z","suncorp.ef@downstreamonline.com.au",0,1270001956,NA,7069,0.05,27255,2.836,1270059730,1,1589,20,451995000,"2016-12-13"
0.428,TRUE,1,1,"SuncorpPI_Display_Campaign_Prospecting_USD_ProudtoProtect_FINAL","SuncorpPI_Display_Campaign_Prospecting_USD_ProudtoProtect_FINAL",TRUE,12,81.29,"z","suncorp.ef@downstreamonline.com.au",0.019,1270002139,NA,20258,1.29,47373,4.013,1270065271,1,1589,80,3111000,"2016-12-13"
0.354,FALSE,1,1,"AAMI PI_DISPLAY_PERFORMANCE_PROSPECTING_USD_MOTOR_VisualDNA","AAMI PI_DISPLAY_PERFORMANCE_PROSPECTING_USD_MOTOR_VisualDNA",TRUE,3,35,"z","aami.ef@downstreamonline.com.au",0.001,1270002244,NA,11853,0,33484,2.953,1270069591,1,2243,35,76073000,"2016-12-13"
0.548,FALSE,1,1,"SuncorpFuneral_Display_Campaign_Prospecting_AUD_$50 eftpos gift card","SuncorpFuneral_Display_Campaign_Prospecting_AUD_$50 eftpos gift card",TRUE,10,101.06,"z","suncorp.ef@downstreamonline.com.au",0.042,1270002168,NA,39021,1.06,71216,2.59,1270067422,1,1589,100,2103000,"2016-12-13"
0.057,FALSE,1,2,"AAMILife_Prospecting_USD","AAMILife_Prospecting_USD",TRUE,12,80.62,"z","suncorp.ef@downstreamonline.com.au",0.019,1270001906,NA,39771,3.62,703865,2.027,1270059366,1,1589,77,103222000,"2016-12-13"
0.254,TRUE,1,1,"GIO CTP_DISPLAY_PERFORMANCE_RETARGETING_USD_AUGUST2016 V2","GIO CTP_DISPLAY_PERFORMANCE_RETARGETING_USD_AUGUST2016 V2",TRUE,6,84.66,"z","gio.ef@downstreamonline.com.au",0.107,1270002161,NA,23238,0.66,91337,3.643,1270067067,1,1485,84,1061000,"2016-12-13"
0.219,TRUE,1,1,"SuncorpPI_Display_Campaign_Retargeting_USD_USECASE_Lookalikes_Motor","SuncorpPI_Display_Campaign_Retargeting_USD_USECASE_Lookalikes_Motor",TRUE,5,68.51,"z","suncorp.ef@downstreamonline.com.au",0.419,1270002212,NA,3023,-1.49,13831,22.664,1270069107,1,1589,70,49000,"2016-12-13"
0.093,TRUE,1,1,"AAMILife_Retargeting_USD","AAMILife_Retargeting_USD",TRUE,1,18.04,"z","suncorp.ef@downstreamonline.com.au",1.054,1270001907,NA,1271,-31.96,13705,14.195,1270059367,1,1589,50,13000,"2016-12-13"
0.415,TRUE,1,1,"AAMI PI_DISPLAY_PERFORMANCE_PROSPECTING_USD_HOME_NewV2","AAMI PI_DISPLAY_PERFORMANCE_PROSPECTING_USD_HOME_NewV2",TRUE,3,50.98,"z","aami.ef@downstreamonline.com.au",0,1270002172,NA,24974,0.98,60207,2.041,1270068214,1,2243,50,245913000,"2016-12-13"
0.087,FALSE,3,1,"SuncorpBank HomeLending_Display_Performance_Prospecting_USD_NEW","SuncorpBank_Homeloans_Prospecting_USD",TRUE,21,52.38,"z","suncorp.ef@downstreamonline.com.au",0.008,1270001894,NA,60952,1.38,704367,0.859,1270059249,1,1589,51,105612000,"2016-12-13"
0.384,TRUE,2,1,"AAMI PI_DISPLAY_PERFORMANCE_RETARGETING_USD_MOTORv4","AAMI PI_DISPLAY_PERFORMANCE_RETARGETING_USD_MOTORv4",TRUE,16,260.37,"z","aami.ef@downstreamonline.com.au",0.07,1270002106,NA,44680,-39.63,116300,5.827,1270062773,1,2243,300,2845000,"2016-12-13"
0.348,TRUE,3,1,"AAMI BI_DISPLAY_PERFORMANCE_RETARGETING_USD_BUSINESSnew","AAMI_BusinessInsurance_Retargeting",TRUE,9,107.96,"z","suncorpcommercial.ef@downstreamonline.com.au",0.287,1270001850,NA,19860,1.91,57039,5.436,1270060593,1,1827,106.05,223000,"2016-12-13"
0.249,TRUE,1,1,"GIO PI_DISPLAY_PERFORMANCE_RETARGETING_USD_40REASONSTOSWITCH_MOTOR","GIO PI_DISPLAY_PERFORMANCE_RETARGETING_USD_40REASONSTOSWITCH_MOTOR",TRUE,14,160.31,"z","gio.ef@downstreamonline.com.au",0.235,1270002119,NA,44440,-19.69,178183,3.607,1270064312,1,1485,180,835000,"2016-12-13"
0.28,FALSE,2,1,"SuncorpPI_Display_Campaign_Retargeting_USD_ProudtoProtect_FINAL","SuncorpPI_Display_Campaign_Retargeting_USD_ProudtoProtect_FINAL",TRUE,0,7,"z","suncorp.ef@downstreamonline.com.au",0.248,1270002140,NA,625,0,2234,11.198,1270065272,1,1589,7,11000,"2016-12-13"
0.539,TRUE,1,1,"SuncorpPI_Display_Campaign_Retargeting_AdX_ProudtoProtect_FINAL_V2","SuncorpPI_Display_Campaign_Retargeting_AdX_ProudtoProtect_FINAL_V2",TRUE,3,39.3,"z","suncorp.ef@downstreamonline.com.au",0.013,1270002170,NA,11828,-0.7,21949,3.322,1270067857,1,1589,40,1765000,"2016-12-13"
0.205,TRUE,1,1,"AAMI PI_DISPLAY_PERFORMANCE_PROSPECTING_USD_MOTORv4","AAMI PI_DISPLAY_PERFORMANCE_PROSPECTING_USD_MOTORv4",TRUE,2,37.3,"z","aami.ef@downstreamonline.com.au",0.003,1270002087,NA,22884,-2.7,111371,1.63,1270062623,1,2243,40,948935000,"2016-12-13"
0.209,FALSE,2,1,"SuncorpFuneral_Display_Retargeting_USDnew","SuncorpFuneral_Display_Retargeting_USD",TRUE,0,0.07,"z","suncorp.ef@downstreamonline.com.au",NA,1270001957,NA,18,-29.93,86,3.694,1270059729,1,1589,30,2000,"2016-12-13"
0.197,TRUE,1,1,"GIO PI_DISPLAY_PERFORMANCE_RETARGETING_USD_40REASONSTOSWITCH_HOME","GIO PI_DISPLAY_PERFORMANCE_RETARGETING_USD_40REASONSTOSWITCH_HOME",TRUE,5,41.29,"z","gio.ef@downstreamonline.com.au",0.121,1270002120,NA,11224,-8.71,57030,3.679,1270064313,1,1485,50,974000,"2016-12-13"
0.018,FALSE,1,1,"APIA Funeral_Display_Performance_Prospecting_USD- 1","APIA Funeral_Display_Performance_Prospecting_USD",TRUE,5,36.32,"z","suncorp.ef@downstreamonline.com.au",0.027,1270002215,NA,48111,1.32,2650903,0.755,1270069154,1,1589,35,372241000,"2016-12-13"
0.665,FALSE,1,1,"SuncorpPI_Display_Campaign_Prospecting_AdX_USECASE_Lookalikes_Motor","SuncorpPI_Display_Campaign_Prospecting_AdX_USECASE_Lookalikes_Motor",TRUE,2,58.87,"z","suncorp.ef@downstreamonline.com.au",0.496,1270002200,NA,3957,-41.13,5952,14.877,1270069034,1,1589,100,13000,"2016-12-13"
0.435,TRUE,1,0,"TerriScheer PI_Display_Performance_Retargeting_USD_new","TerriScheer_Retargeting",TRUE,1,17.91,"z","terrischeers.ef@downstreamonline.com.au",0.039,1270001825,NA,3728,-1.09,8567,4.804,1270057766,1,2257,19,362000,"2016-12-13"
0.167,FALSE,1,1,"SuncorpPI_Display_Campaign_Prospecting_USD_USECASE_BAU_Motor","SuncorpPI_Display_Campaign_Prospecting_USD_USECASE_BAU_Motor",TRUE,15,101.56,"z","suncorp.ef@downstreamonline.com.au",0,1270002209,NA,70088,1.56,420069,1.449,1270069104,1,1589,100,18017734000,"2016-12-13"
0.188,TRUE,1,1,"SuncorpPI_Display_Campaign_Retargeting_USD_USECASE_BAU_Motor","SuncorpPI_Display_Campaign_Retargeting_USD_USECASE_BAU_Motor",TRUE,1,10.1,"z","suncorp.ef@downstreamonline.com.au",0.023,1270002211,NA,2931,0.1,15593,3.445,1270069106,1,1589,10,999000,"2016-12-13"
0.318,TRUE,3,1,"APIA Funeral_Display_Performance_Retargeting_AUD- 1","APIA Funeral_Display_Performance_Retargeting_AUD",TRUE,0,1.38,"z","suncorp.ef@downstreamonline.com.au",0.508,1270001865,NA,485,-10.62,1524,2.846,1270059081,1,1589,12,3000,"2016-12-13"
0.598,FALSE,1,1,"Site Specific - April","Site Specific - Ebay",TRUE,2,10,"a","mobiles",0,1330001266,NA,3158,0,5283,3.166,1330038203,1,2792,10,14271000,"2016-12-13"
0.238,FALSE,3,1,"Display Manual Bidding","Apple Shop - Retargeting",TRUE,14,41.87,"a","mobiles",0.182,1330001263,NA,18467,-0.13,77565,2.267,1330038217,1,2792,42,434000,"2016-12-13"
0.354,FALSE,3,1,"Xmas - Nice Retargeting","Xmas - Nice Retargeting",TRUE,4,4.61,"a","mobiles",0.558,1330001317,NA,2569,-15.39,7254,1.796,1330040565,1,2792,20,13000,"2016-12-13"
0.227,FALSE,3,1,"Xmas - Retargeting","Xmas - Retargeting",TRUE,30,42.87,"a","mobiles",0.107,1330001315,NA,20999,0.01,92364,2.041,1330040563,1,2792,42.86,1092000,"2016-12-13"
0.42,FALSE,1,1,"Xmas - Prospecting","Xmas - Prospecting",TRUE,46,71.92,"a","mobiles",0.001,1330001314,NA,126504,-0.08,301434,0.569,1330040562,1,2792,72,224515000,"2016-12-13"
0.505,FALSE,1,1,"iPhone 7 - Prospecting","iPhone 7 - Prospecting",TRUE,1,14.99,"a","mobiles",0,1330001311,NA,19823,-0.01,39269,0.756,1330040557,1,2792,15,208915000,"2016-12-13"
0.446,FALSE,1,1,"Display Manual Bidding","Apple Shop - Prospecting",TRUE,4,23.99,"a","mobiles",0,1330001263,NA,34670,-0.01,77816,0.692,1330038216,1,2792,24,261610000,"2016-12-13"
0.336,FALSE,1,1,"Display Manual Bidding","Site Specific - General",TRUE,5,19.95,"a","mobiles",0.031,1330001263,NA,9342,-0.05,27829,2.135,1330038202,1,2792,20,899000,"2016-12-13"
0.199,FALSE,5,1,"Display Manual Bidding","Samsung - Retargeting",TRUE,6,11.63,"a","mobiles",0.954,1330001263,NA,4167,-32.37,20982,2.791,1330038221,1,2792,44,23000,"2016-12-13"
0.339,FALSE,3,1,"Display Manual Bidding","SIMO - Retargeting",TRUE,9,18.99,"a","mobiles",0.07,1330001263,NA,8458,-0.01,24962,2.245,1330038222,1,2792,19,366000,"2016-12-13"
0.273,FALSE,1,1,"Display Manual Bidding","SIMO - Prospecting",TRUE,6,13,"a","mobiles",0,1330001263,NA,20724,0,75850,0.627,1330038226,1,2792,13,1336841000,"2016-12-13"
0.335,FALSE,3,1,"Display Manual Bidding","Free Gifts - Retargeting",TRUE,4,16.86,"a","mobiles",0.1,1330001263,NA,6327,-3.14,18864,2.665,1330038220,1,2792,20,205000,"2016-12-13"
0.427,FALSE,1,1,"Display Manual Bidding","iPhone 6s Prospecting",TRUE,7,29.96,"a","mobiles",0.001,1330001263,NA,42887,-0.04,100509,0.699,1330038219,1,2792,30,267473000,"2016-12-13"
0.287,FALSE,3,1,"Display Manual Bidding","Networks Retargeting",TRUE,6,9.99,"a","mobiles",0.066,1330001263,NA,4540,-0.01,15824,2.2,1330038554,1,2792,10,284000,"2016-12-13"
0.524,FALSE,1,1,"Display Manual Bidding","Networks Prospecting",TRUE,0,16.99,"a","mobiles",0,1330001263,NA,16394,-0.01,31257,1.037,1330038553,1,2792,17,534990000,"2016-12-13"
0.442,FALSE,1,1,"Display Manual Bidding","Xbox Prospecting",TRUE,1,15.99,"a","mobiles",0,1330001263,NA,22202,-0.01,50180,0.72,1330038280,1,2792,16,150968000,"2016-12-13"
0.356,FALSE,3,1,"Xmas - Naughty Retargeting","Xmas - Naughty Retargeting",TRUE,6,3.96,"a","mobiles",1.024,1330001316,NA,2185,-16.04,6145,1.811,1330040564,1,2792,20,7000,"2016-12-13"
