"campaign_name","cid","userid","budget","change_time","cs"
"2017 - Rebate Campaign - Prospecting - USA",1700000171,5101,500,"2017-05-24 18:03:33.751-07","wooster.or1"
"2017 - Rebate Campaign - Remarketing - USA",1700000212,5101,500,"2017-05-24 18:03:33.76-07","wooster.or1"
"2017 - room sensors - EB-RSe3PK2-01 - post purchase - USA",1700000395,5101,200,"2017-05-24 18:03:33.758-07","wooster.or1"
"2017 - ecobee3 - EB-STATe3-02 - prospecting - CAN",1700000396,5101,100,"2017-05-24 18:03:33.762-07","wooster.or1"
"2017 - ecobee3 - EB-STATe3-02 - prospecting - CAN",1700000396,5101,50,"2017-05-24 21:15:25.347-07","wooster.or1"
"2017 - ecobee3 lite - EB-STATE3LT-02 - prospecting - USA",1700000405,5101,300,"2017-05-24 18:03:33.759-07","wooster.or1"
"2017 - ecobee3 lite - EB-STATE3LT-02 - remarketing - USA",1700000410,5101,400,"2017-05-24 18:03:33.761-07","wooster.or1"
"2017 - ecobee3 lite - EB-STATE3LT-02 - remarketing - Canada",1700000411,5101,200,"2017-05-24 18:03:33.761-07","wooster.or1"
"2017 - ecobee3 lite - EB-STATE3LT-02 - prospecting - Canada",1700000413,5101,200,"2017-05-24 18:03:33.762-07","wooster.or1"
"2017 - ecobee4 - EB-STATe4-01 - prospecting - USA",1700000434,5101,500,"2017-05-24 18:03:33.759-07","wooster.or1"
"2017 - ecobee4 EB-STATe4-01 - remarketing - USA",1700000435,5101,300,"2017-05-24 18:03:33.757-07","wooster.or1"
"SEER San Antonio_General Hospice",1000000002,4694,28.65,"2017-05-24 21:18:40.951-07","wooster.or1"
"SEER Pittsburgh_General Hospice",1000000003,4694,22.6,"2017-05-24 21:19:42.462-07","wooster.or1"
"SEER Philadelphia_General Hospice",1000000004,4694,65.41,"2017-05-24 21:19:46.846-07","wooster.or1"
"SEER Peoria_General Hospice",1000000005,4694,18.84,"2017-05-24 21:18:09.633-07","wooster.or1"
"SEER Southern California_Competitors",1000000199,4694,5,"2017-05-24 15:16:23.629-07","wooster.or1"
"SEER Southern California_Competitors",1000000199,4694,5,"2017-05-24 15:16:23.668-07","wooster.or1"
"Seer_Referral Audience",1000001003,4694,1000,"2017-05-24 18:02:09.275-07","wooster.or1"
"Seer_Recruiting Audience",1000001008,4694,1250,"2017-05-24 18:02:09.273-07","wooster.or1"
"Seer_Referral_Retargeting",1000001010,4694,500,"2017-05-24 18:02:09.276-07","wooster.or1"
"Seer_Recruiting_Retargeting",1000001011,4694,500,"2017-05-24 18:02:09.264-07","wooster.or1"
"UC Health IP Targeting",1000001014,4694,575.53,"2017-05-24 18:02:09.273-07","wooster.or1"
"UC Health IP Targeting",1000001014,4694,638.62,"2017-05-24 21:15:32.053-07","wooster.or1"
"Seer_East Bay_Referral",1000001021,4694,200,"2017-05-24 18:02:09.274-07","wooster.or1"
"AHIP Attendees",1000001034,4694,150,"2017-05-24 15:02:28.327-07","wooster.or1"
"Google - Purpose of Life - WW - eng",1000000135,3737,22.35,"2017-05-24 23:18:17.855-07","wooster.or1"
"Google - Forgiveness - WW - spa",1000000963,3737,23.21,"2017-05-24 23:21:02.094-07","wooster.or1"
"MD Prospecting Desktop 0827",1000001973,3737,568,"2017-05-24 20:02:57.074-07","wooster.or1"
"Search_Bing_Brand_Footwear-Exact",1000000130,4035,1900.56,"2017-05-24 23:18:10.896-07","wooster.or1"
"Search_Google_Brand_Winter-Exact",1000000268,4035,37.68,"2017-05-24 17:21:50.627-07","wooster.or1"
"Search_Google_Brand_Winter-Exact",1000000268,4035,37.68,"2017-05-24 17:21:50.676-07","wooster.or1"
"Search_Google_Brand_Winter-Exact",1000000268,4035,40.75,"2017-05-24 23:18:44.006-07","wooster.or1"
"Search_Google_Brand_Footwear-Retro-Phrase",1000000623,4035,20,"2017-05-24 17:27:13.224-07","wooster.or1"
"Search_Google_Brand_Footwear-Retro-Phrase",1000000623,4035,20,"2017-05-24 17:27:13.296-07","wooster.or1"
"Search_Google_Brand_Boots-BMM+Croc",1000001011,4035,20,"2017-05-24 17:30:52.426-07","wooster.or1"
"Search_Google_Brand_Boots-BMM+Croc",1000001011,4035,20,"2017-05-24 17:30:52.48-07","wooster.or1"
"Search_Google_Brand_Heels-&-Wedges-BMM+Croc",1000001014,4035,20,"2017-05-24 17:30:55.438-07","wooster.or1"
"Search_Google_Brand_Heels-&-Wedges-BMM+Croc",1000001014,4035,20,"2017-05-24 17:30:55.491-07","wooster.or1"
"Search_Google_Brand_Footwear-Functional-BMM+Croc",1000001021,4035,371.94,"2017-05-24 17:31:02.426-07","wooster.or1"
"Search_Google_Brand_Footwear-Functional-BMM+Croc",1000001021,4035,371.94,"2017-05-24 17:31:02.495-07","wooster.or1"
"Search_Google_Brand_Footwear-Functional-BMM+Croc",1000001021,4035,604.88,"2017-05-24 23:18:36.523-07","wooster.or1"
"Search_Yahoo_Brand_Sale-Discount-Exact",1000001140,4035,106.62,"2017-05-24 23:20:49.707-07","wooster.or1"
"AMO Display Retargeting - Condensed",1000001371,4035,2800,"2017-05-24 20:08:00.296-07","wooster.or1"
"AMO Display Prospecting",1000001373,4035,475,"2017-05-24 20:08:00.291-07","wooster.or1"
"B_HP_Brand_Core",1000000199,4429,371.25,"2017-05-24 22:13:15.683-07","wooster.or1"
"Redbox - Movies Prospecting - Evergreen - 2017",1000001965,4429,63,"2017-05-24 11:52:58.583-07","wooster.or1"
"Redbox - Movies Prospecting - Evergreen - 2017",1000001965,4429,63,"2017-05-24 18:59:36.895-07","wooster.or1"
"Redbox - Movies Prospecting - Evergreen - 2017",1000001965,4429,74,"2017-05-24 22:13:16.043-07","wooster.or1"
"Redbox - Movies Retargeting - Evergreen - 2017",1000001966,4429,631,"2017-05-24 11:53:41.731-07","wooster.or1"
"Redbox - Movies Retargeting - Evergreen - 2017",1000001966,4429,631,"2017-05-24 18:59:36.903-07","wooster.or1"
"Redbox - Movies Retargeting - Evergreen - 2017",1000001966,4429,736,"2017-05-24 22:13:15.864-07","wooster.or1"
"Redbox - Games Retargeting - Evergreen - 2017",1000004003,4429,153,"2017-05-24 11:54:32.966-07","wooster.or1"
"Redbox - Games Retargeting - Evergreen - 2017",1000004003,4429,153,"2017-05-24 18:59:36.902-07","wooster.or1"
"Redbox - Games Retargeting - Evergreen - 2017",1000004003,4429,179,"2017-05-24 22:13:15.909-07","wooster.or1"
"Redbox Prospecting - OUT 2017",1000004016,4429,66,"2017-05-24 18:59:36.902-07","wooster.or1"
"Redbox Prospecting - OUT 2017",1000004016,4429,77,"2017-05-24 22:13:15.954-07","wooster.or1"
"Redbox Retargeting - OUT 2017",1000004017,4429,175,"2017-05-24 18:59:36.903-07","wooster.or1"
"Redbox Retargeting - OUT 2017",1000004017,4429,205,"2017-05-24 22:13:15.816-07","wooster.or1"
"Redbox - Games Prospecting - Evergreen - 2017",1000004018,4429,66,"2017-05-24 11:54:07.562-07","wooster.or1"
"Redbox - Games Prospecting - Evergreen - 2017",1000004018,4429,66,"2017-05-24 18:59:36.904-07","wooster.or1"
"Redbox - Games Prospecting - Evergreen - 2017",1000004018,4429,77,"2017-05-24 22:13:16.003-07","wooster.or1"
"NAM-All-English-IgniteVisitors-RetargetingBanner-Display",1000001127,4461,200,"2017-05-24 21:06:53.088-07","wooster.or1"
"APAC-All-English-PanoramaVisitors-RetargetingBanner-Display",1000001140,4461,100,"2017-05-24 21:06:53.083-07","wooster.or1"
"EMEA-All-English-IgniteVisitors-RetargetingBanner-Display",1000001145,4461,100,"2017-05-24 21:06:53.087-07","wooster.or1"
"APAC-All-English-IgniteVisitors-RetargetingBanner-Display",1000001157,4461,100,"2017-05-24 21:06:53.089-07","wooster.or1"
"EMEA-All-English-IgniteRank-ProgrammaticBanner-Display",1000001159,4461,300,"2017-05-24 21:06:53.089-07","wooster.or1"
"Ignite_Abandoners-Global-EN-Remarketing",1000001173,4461,200,"2017-05-24 21:06:53.09-07","wooster.or1"
"Hub - Americas - Display - AMO",1000001255,4461,100,"2017-05-24 21:06:53.087-07","wooster.or1"
"Hub - EMEA - Display - AMO",1000001259,4461,100,"2017-05-24 21:06:53.089-07","wooster.or1"
"Hub - APAC - Display - AMO",1000001260,4461,100,"2017-05-24 21:06:53.089-07","wooster.or1"
"Hub - Japan - Display - AMO",1000001261,4461,100,"2017-05-24 21:06:53.088-07","wooster.or1"
"TDA FY17 Client Retargeting - Trader Clients",1280015210,2521,971.39,"2017-05-24 09:33:09.656-07","wooster.or1"
"TDA FY17 Client Retargeting - Trader Clients",1280015210,2521,957.18,"2017-05-24 10:23:01.972-07","wooster.or1"
"TDA FY17 Client Retargeting - Trader Clients",1280015210,2521,957.18,"2017-05-24 19:04:12.217-07","wooster.or1"
"TDA FY17 Client Retargeting - Trader Clients",1280015210,2521,873.44,"2017-05-24 22:19:40.317-07","wooster.or1"
"TDA FY17 Client Retargeting - Unfunded Clients",1280015211,2521,259.98,"2017-05-24 09:32:41.041-07","wooster.or1"
"TDA FY17 Client Retargeting - Unfunded Clients",1280015211,2521,257.63,"2017-05-24 10:23:01.858-07","wooster.or1"
"TDA FY17 Client Retargeting - Unfunded Clients",1280015211,2521,257.63,"2017-05-24 19:04:12.222-07","wooster.or1"
"TDA FY17 Client Retargeting - Unfunded Clients",1280015211,2521,253.34,"2017-05-24 22:17:28.811-07","wooster.or1"
"TDA FY17 Client Targeting - Retirement",1280015212,2521,1010.44,"2017-05-24 09:32:47.613-07","wooster.or1"
"TDA FY17 Client Targeting - Retirement",1280015212,2521,1005.86,"2017-05-24 10:23:01.921-07","wooster.or1"
"TDA FY17 Client Targeting - Retirement",1280015212,2521,1005.86,"2017-05-24 19:04:12.223-07","wooster.or1"
"TDA FY17 Client Targeting - Retirement",1280015212,2521,935.85,"2017-05-24 22:17:32.161-07","wooster.or1"
"TDA FY 17 Client Targeting - Win Back",1280015333,2521,170.98,"2017-05-24 09:32:39.438-07","wooster.or1"
"TDA FY 17 Client Targeting - Win Back",1280015333,2521,170.48,"2017-05-24 10:23:01.694-07","wooster.or1"
"TDA FY 17 Client Targeting - Win Back",1280015333,2521,170.48,"2017-05-24 19:04:12.222-07","wooster.or1"
"TDA FY 17 Client Targeting - Win Back",1280015333,2521,173.74,"2017-05-24 22:17:26.934-07","wooster.or1"
"MI: Public Retargeting",1320057845,2165,265.79,"2017-05-24 18:07:45.093-07","wooster.or1"
"AZ: Public Retargeting",1320057847,2165,212.23,"2017-05-24 18:07:45.102-07","wooster.or1"
"CA: Public Retargeting",1320057848,2165,258.06,"2017-05-24 18:07:45.098-07","wooster.or1"
"CO: Public Retargeting",1320057849,2165,96.77,"2017-05-24 18:07:45.088-07","wooster.or1"
"DC: Public Retargeting",1320057850,2165,25.81,"2017-05-24 18:07:45.099-07","wooster.or1"
"MN: Public Retargeting",1320057851,2165,45,"2017-05-24 18:07:45.091-07","wooster.or1"
"NV: Public Retargeting",1320057852,2165,29.03,"2017-05-24 18:07:45.09-07","wooster.or1"
"OH: Public Retargeting",1320057853,2165,84.29,"2017-05-24 18:07:45.092-07","wooster.or1"
"OR: Public Retargeting",1320057854,2165,64.52,"2017-05-24 18:07:45.093-07","wooster.or1"
"WA: Public Retargeting",1320057855,2165,64.52,"2017-05-24 18:07:45.092-07","wooster.or1"
"WI: Public Retargeting",1320057856,2165,101.42,"2017-05-24 18:07:45.101-07","wooster.or1"
"SC: Public Retargeting",1320057859,2165,63.74,"2017-05-24 18:07:45.101-07","wooster.or1"
"AR: Public Retargeting",1320057860,2165,4.84,"2017-05-24 18:07:45.1-07","wooster.or1"
"ID: Public Retargeting",1320057861,2165,11.29,"2017-05-24 18:07:45.095-07","wooster.or1"
"UT: Public Retargeting",1320057862,2165,11.29,"2017-05-24 18:07:45.088-07","wooster.or1"
"VA: Public Retargeting",1320057863,2165,19.35,"2017-05-24 18:07:45.1-07","wooster.or1"
"IN: Public Retargeting",1320057890,2165,117.79,"2017-05-24 18:07:45.094-07","wooster.or1"
"KS: Public Retargeting",1320057891,2165,87.1,"2017-05-24 18:07:45.094-07","wooster.or1"
"LA: Public Retargeting",1320057892,2165,90.32,"2017-05-24 18:07:45.091-07","wooster.or1"
"OK: Public Retargeting",1320057893,2165,96.77,"2017-05-24 18:07:45.099-07","wooster.or1"
"WY: Public Retargeting",1320057894,2165,29.03,"2017-05-24 18:07:45.077-07","wooster.or1"
"TX: Public Retargeting",1320057895,2165,116.49,"2017-05-24 18:07:45.095-07","wooster.or1"
"GA: Public Retargeting",1320057921,2165,74.61,"2017-05-24 18:07:45.101-07","wooster.or1"
"AL: Public Retargeting",1320057922,2165,126.59,"2017-05-24 18:07:45.095-07","wooster.or1"
"AZ: Public Prospecting Channel Q4 2017",1320057937,2165,157.03,"2017-05-24 18:07:45.099-07","wooster.or1"
"CA: Public Prospecting Channel Q4 2017",1320057938,2165,236.47,"2017-05-24 18:07:45.097-07","wooster.or1"
"CO: Public Prospecting Channel Q4 2017",1320057939,2165,153.45,"2017-05-24 18:07:45.093-07","wooster.or1"
"MI: Public Prospecting Channel Q4 2017",1320057940,2165,190.91,"2017-05-24 18:07:45.102-07","wooster.or1"
"NV: Public Prospecting Channel Q4 2017",1320057941,2165,121.14,"2017-05-24 18:07:45.091-07","wooster.or1"
"OH: Public Prospecting Channel Q4 2017",1320057942,2165,80.65,"2017-05-24 18:07:45.098-07","wooster.or1"
"SC: Public Prospecting Channel Q4 2017",1320057943,2165,109.49,"2017-05-24 18:07:45.098-07","wooster.or1"
"AR: Public Prospecting Channel Q4 2017",1320057945,2165,96.77,"2017-05-24 18:07:45.094-07","wooster.or1"
"ID: Public Prospecting Channel Q4 2017",1320057946,2165,96.77,"2017-05-24 18:07:45.09-07","wooster.or1"
"MN: Public Prospecting Channel Q4 2017",1320057947,2165,96.77,"2017-05-24 18:07:45.089-07","wooster.or1"
"OR: Public Prospecting Channel Q4 2017",1320057948,2165,96.77,"2017-05-24 18:07:45.096-07","wooster.or1"
"UT: Public Prospecting Channel Q4 2017",1320057949,2165,96.77,"2017-05-24 18:07:45.096-07","wooster.or1"
"VA: Public Prospecting Channel Q4 2017",1320057950,2165,96.77,"2017-05-24 18:07:45.097-07","wooster.or1"
"WA: Public Prospecting Channel Q4 2017",1320057951,2165,96.1,"2017-05-24 18:07:45.087-07","wooster.or1"
"Kettering_Current Markets_Prospecting",1000000002,4815,75,"2017-05-24 18:01:34.155-07","wooster.or1"
"Kettering_Current Markets_Retargeting",1000000003,4815,130,"2017-05-24 18:01:34.148-07","wooster.or1"
"Kettering_Expansion Markets_Prospecting",1000000004,4815,197,"2017-05-24 18:01:34.156-07","wooster.or1"
"Kettering_Expansion Markets_Retargeting",1000000005,4815,10,"2017-05-24 18:01:34.155-07","wooster.or1"
"Retargeting - Forrester",1700000005,5107,100,"2017-05-24 18:08:50.801-07","wooster.or1"
"Prospecting - Forrester",1700000006,5107,102,"2017-05-24 18:08:50.793-07","wooster.or1"
"tommy_e2e_image_1493336022839",1790158255,5099,0.01,"2017-05-24 06:09:53.749-07","wooster.or1"
"MCUL_Display Detroit",1000000129,4696,205,"2017-05-24 18:07:16.242-07","wooster.or1"
"MCUL_Display Grand Rapids",1000000130,4696,110,"2017-05-24 18:07:16.241-07","wooster.or1"
"MCUL_Display Traverse City",1000000132,4696,50,"2017-05-24 18:07:16.241-07","wooster.or1"
"MCUL_Display Lansing",1000000133,4696,33,"2017-05-24 18:07:16.241-07","wooster.or1"
"MCUL_Display Marquette",1000000134,4696,17,"2017-05-24 18:07:16.242-07","wooster.or1"
"MCUL_Display Alpena",1000000135,4696,13,"2017-05-24 18:07:16.228-07","wooster.or1"
"MCUL_Display_Multiple Counties",1000000199,4696,122,"2017-05-24 18:07:16.24-07","wooster.or1"
"TruNorth_CU_Prospecting",1000000268,4696,104,"2017-05-24 11:31:54.905-07","wooster.or1"
"TruNorth_CU_Prospecting",1000000268,4696,104,"2017-05-24 18:07:16.24-07","wooster.or1"
"Parkside_CU_Prospecting",1000000271,4696,105,"2017-05-24 11:31:49.109-07","wooster.or1"
"Parkside_CU_Prospecting",1000000271,4696,105,"2017-05-24 18:07:16.239-07","wooster.or1"
"Honor_CU",1000000290,4696,90.46,"2017-05-24 18:07:16.242-07","wooster.or1"
"Mercedes-Benz Financial Services_Prospecting",1700000008,5146,960,"2017-05-24 11:59:23.611-07","wooster.or1"
"Mercedes-Benz Financial Services_Prospecting",1700000008,5146,960,"2017-05-24 18:09:43.374-07","wooster.or1"
"Mercedes-Benz Financial Services_Retargeting",1700000009,5146,100,"2017-05-24 18:09:43.381-07","wooster.or1"
"Brand - Exact",1700000405,5135,16.18,"2017-05-24 22:16:56.539-07","wooster.or1"
"Express Scripts Pharmacy - Prospecting",1700000705,5135,492,"2017-05-24 19:01:52.45-07","wooster.or1"
"Express Scripts Pharmacy - Retargeting",1700000718,5135,649,"2017-05-24 19:01:52.457-07","wooster.or1"
"Karmanos_Google_Branded",1700000001,5144,68.85,"2017-05-24 21:16:41.098-07","wooster.or1"
"Karmanos_Bing_Non-Branded",1700000004,5144,91.02,"2017-05-24 21:16:45.102-07","wooster.or1"
"Karmanos Cancer Institute_your best chance",1700000005,5144,155,"2017-05-24 18:05:40.696-07","wooster.or1"
"MB - Prop - Shark Reef Scuba (S)",1000001127,4737,5,"2017-05-24 18:17:26.776-07","wooster.or1"
"MB - Prop - Shark Reef Scuba (S)",1000001127,4737,5,"2017-05-24 18:17:26.833-07","wooster.or1"
"Bellagio - Brand - BMM NEW",1000001373,4737,328.55,"2017-05-24 00:24:03.233-07","wooster.or1"
"Bellagio - Brand - BMM NEW",1000001373,4737,328.55,"2017-05-24 18:15:08.646-07","wooster.or1"
"Bellagio - Brand - BMM NEW",1000001373,4737,328.55,"2017-05-24 18:15:08.71-07","wooster.or1"
"MGM Retargeting DCO Domestic",1000002165,4737,12049,"2017-05-24 13:06:17.548-07","wooster.or1"
"MGM Retargeting DCO Domestic",1000002165,4737,12049,"2017-05-24 21:14:53.346-07","wooster.or1"
"MGI_Adobe_MGM Grand_OpenExchange_AMO",1000002487,4737,1926,"2017-05-24 21:14:53.347-07","wooster.or1"
"MGI_Adobe_Monte Carlo_OpenExchange_AMO",1000002491,4737,280,"2017-05-24 21:14:53.342-07","wooster.or1"
"MGI_Adobe_Aria_OpenExchange_AMO",1000002522,4737,1470,"2017-05-24 13:19:24.082-07","wooster.or1"
"MGI_Adobe_Aria_OpenExchange_AMO",1000002522,4737,1470,"2017-05-24 21:14:53.344-07","wooster.or1"
"MGI_Adobe_Bellagio_OpenExchange_AMO",1000002527,4737,2982,"2017-05-24 13:18:30.054-07","wooster.or1"
"MGI_Adobe_Bellagio_OpenExchange_AMO",1000002527,4737,2982,"2017-05-24 21:14:53.339-07","wooster.or1"
"MGI_Adobe_Mandalay Bay_OpenExchange_AMO",1000002551,4737,675,"2017-05-24 21:14:53.348-07","wooster.or1"
"MGI_Adobe_Mirage_OpenExchange_AMO",1000002555,4737,768,"2017-05-24 21:14:53.34-07","wooster.or1"
"MGI_Adobe_Vdara_OpenExchange_AMO",1000002559,4737,241,"2017-05-24 21:14:53.348-07","wooster.or1"
"MGI_Adobe_Circus Circus_OpenExchange_AMO",1000002601,4737,271,"2017-05-24 21:14:53.343-07","wooster.or1"
"MGI_Adobe_Delano_OpenExchange_AMO",1000002605,4737,681,"2017-05-24 21:14:53.35-07","wooster.or1"
"MGI_Adobe_Excalibur_OpenExchange_AMO",1000002609,4737,280,"2017-05-24 13:21:53.327-07","wooster.or1"
"MGI_Adobe_Excalibur_OpenExchange_AMO",1000002609,4737,280,"2017-05-24 21:14:53.346-07","wooster.or1"
"MGI_Adobe_Luxor_OpenExchange_AMO",1000002613,4737,300,"2017-05-24 13:32:09.286-07","wooster.or1"
"MGI_Adobe_Luxor_OpenExchange_AMO",1000002613,4737,300,"2017-05-24 21:14:53.344-07","wooster.or1"
"MGI_Adobe_NYNY_OpenExchange_AMO",1000002617,4737,270,"2017-05-24 21:14:53.347-07","wooster.or1"
"MGI_Adobe_Signature_OpenExchange_AMO",1000002621,4737,340,"2017-05-24 21:14:53.348-07","wooster.or1"
"M life Credit Card",1000002664,4737,178,"2017-05-24 21:14:53.346-07","wooster.or1"
"Amplify F&B",1000002667,4737,1064,"2017-05-24 21:14:53.346-07","wooster.or1"
"MGM Grand Detroit Local Sites",1000002686,4737,159,"2017-05-24 21:14:53.345-07","wooster.or1"
"MGM Grand Detroit Retargeting",1000002687,4737,16,"2017-05-24 21:14:53.347-07","wooster.or1"
"MGM Grand Detroit F&B",1000002688,4737,67,"2017-05-24 21:14:53.342-07","wooster.or1"
"M life Rewards Display - 2017",1000002829,4737,171,"2017-05-24 21:14:53.348-07","wooster.or1"
"MGM Retargeting DCO International",1000002833,4737,894,"2017-05-24 13:05:45.007-07","wooster.or1"
"MGM Retargeting DCO International",1000002833,4737,894,"2017-05-24 21:14:53.339-07","wooster.or1"
"MGM National Harbor",1000002992,4737,168,"2017-05-24 21:14:53.343-07","wooster.or1"
"KTI_Adobe_Aria_OpenExchange_AMO",1000003021,4737,837,"2017-05-24 21:14:53.345-07","wooster.or1"
"KTI_Adobe_Bellagio_OpenExchange_AMO",1000003022,4737,1475,"2017-05-24 13:22:47.757-07","wooster.or1"
"KTI_Adobe_Bellagio_OpenExchange_AMO",1000003022,4737,1475,"2017-05-24 21:14:53.345-07","wooster.or1"
"KTI_Adobe_Circus Circus_OpenExchange_AMO",1000003023,4737,160,"2017-05-24 21:14:53.344-07","wooster.or1"
"KTI_Adobe_Delano_OpenExchange_AMO",1000003024,4737,400,"2017-05-24 21:14:53.333-07","wooster.or1"
"KTI_Adobe_Excalibur_OpenExchange_AMO",1000003025,4737,158,"2017-05-24 21:14:53.349-07","wooster.or1"
"KTI_Adobe_Luxor_OpenExchange_AMO",1000003026,4737,174,"2017-05-24 21:14:53.349-07","wooster.or1"
"KTI_Adobe_Mandalay Bay_OpenExchange_AMO",1000003027,4737,410,"2017-05-24 21:14:53.343-07","wooster.or1"
"KTI_Adobe_MGM Grand_OpenExchange_AMO",1000003028,4737,1147,"2017-05-24 13:22:36.973-07","wooster.or1"
"KTI_Adobe_MGM Grand_OpenExchange_AMO",1000003028,4737,1147,"2017-05-24 21:14:53.349-07","wooster.or1"
"KTI_Adobe_Mirage_OpenExchange_AMO",1000003029,4737,459,"2017-05-24 21:14:53.345-07","wooster.or1"
"KTI_Adobe_Monte Carlo_OpenExchange_AMO",1000003030,4737,159,"2017-05-24 21:14:53.349-07","wooster.or1"
"KTI_Adobe_NYNY_OpenExchange_AMO",1000003031,4737,159,"2017-05-24 21:14:53.347-07","wooster.or1"
"KTI_Adobe_Signature_OpenExchange_AMO",1000003032,4737,142,"2017-05-24 21:14:53.341-07","wooster.or1"
"KTI_Adobe_Vdara_OpenExchange_AMO",1000003033,4737,141,"2017-05-24 21:14:53.34-07","wooster.or1"
"Amplification_Entertainment_TOK",1000003047,4737,83,"2017-05-24 21:14:53.344-07","wooster.or1"
"Amplification_Entertainment_AOC",1000003049,4737,37,"2017-05-24 21:14:53.341-07","wooster.or1"
"Amplification_Entertainment_Fantasy",1000003050,4737,74.5,"2017-05-24 21:14:53.342-07","wooster.or1"
"Amplification_Attractions_SharkReef",1000003051,4737,119,"2017-05-24 21:14:53.343-07","wooster.or1"
"Amplification_Attractions_Adome",1000003052,4737,130,"2017-05-24 21:14:53.348-07","wooster.or1"
"Amplification_Attractions_SGDH",1000003053,4737,69,"2017-05-24 21:14:53.341-07","wooster.or1"
"Amplification_Attractions_Spas",1000003054,4737,44,"2017-05-24 21:14:53.345-07","wooster.or1"
"Amplification_Attractions_ARIAPoker",1000003055,4737,57,"2017-05-24 21:14:53.343-07","wooster.or1"
"FY17 Flex Display (33414)",1700000000,5151,500,"2017-05-24 18:07:42.96-07","wooster.or1"
"CORT Party Rental",1000000002,4542,57.62,"2017-05-24 21:18:45.479-07","wooster.or1"
"CORT - Retargeting Q3",1000000366,4542,698,"2017-05-24 18:06:48.608-07","wooster.or1"
"CORT RETAIL - Prospecting National - Desktop",1000000622,4542,115,"2017-05-24 18:06:48.606-07","wooster.or1"
"CORT RETAIL - National - Mobile",1000000623,4542,65,"2017-05-24 18:06:48.608-07","wooster.or1"
"CORT - Retargeting - Workplace",1000000963,4542,210,"2017-05-24 18:06:48.606-07","wooster.or1"
"CORT RETAIL - Retargeting National - Desktop",1000000965,4542,147,"2017-05-24 18:06:48.602-07","wooster.or1"
"CORT prospecting_creative test",1000000970,4542,301,"2017-05-24 18:06:48.607-07","wooster.or1"
"Retail - Content Amplification - Retail M 18-55",1000001011,4542,39.49,"2017-05-24 21:19:34.842-07","wooster.or1"
"CORT PARTY RENTAL - Remarketing",1000001034,4542,49,"2017-05-24 18:06:48.607-07","wooster.or1"
"AMO_Display_Retargeting",1700000000,5139,700,"2017-05-24 19:04:36.106-07","wooster.or1"
"DXC_BrandLaunch_Pros",1700000004,5181,842.69,"2017-05-24 18:04:13.366-07","wooster.or1"
"DX_BrandLaunch_RTG",1700000005,5181,303.37,"2017-05-24 18:04:13.361-07","wooster.or1"
"DXC_BF_Google_Brand_Search",1700000006,5181,628.81,"2017-05-24 01:08:39.299-07","wooster.or1"
"DXC_BF_Google_Brand_Search",1700000006,5181,628.81,"2017-05-24 01:08:39.347-07","wooster.or1"
"DXC_BF_Google_Brand_Search",1700000006,5181,628.81,"2017-05-24 15:09:29.351-07","wooster.or1"
"DXC_BF_Google_Brand_Search",1700000006,5181,628.81,"2017-05-24 15:09:29.4-07","wooster.or1"
"DXC_BF_Google_Brand_Search",1700000006,5181,690.37,"2017-05-24 21:16:27.014-07","wooster.or1"
"DXC_BF_Bing_Brand_Search",1700000008,5181,148.36,"2017-05-24 21:16:46.805-07","wooster.or1"
"DXC_BF_Bing_Services_Search",1700000009,5181,85.06,"2017-05-24 21:16:48.334-07","wooster.or1"
"DXC_BF_Google_Apps_Search",1700000021,5181,583.27,"2017-05-24 01:08:49.912-07","wooster.or1"
"DXC_BF_Google_Apps_Search",1700000021,5181,583.27,"2017-05-24 01:08:49.953-07","wooster.or1"
"DXC_BF_Google_Apps_Search",1700000021,5181,350,"2017-05-24 10:00:59.549-07","wooster.or1"
"DXC_BF_Google_Apps_Search",1700000021,5181,350,"2017-05-24 10:19:36.619-07","wooster.or1"
"DXC_BF_Google_Apps_Search",1700000021,5181,350,"2017-05-24 15:09:32.013-07","wooster.or1"
"DXC_BF_Google_Apps_Search",1700000021,5181,350,"2017-05-24 15:09:32.062-07","wooster.or1"
"DXC_BF_Google_Apps_Search",1700000021,5181,501.46,"2017-05-24 21:16:31.043-07","wooster.or1"
"DXC_BF_Google_Enterprise&CloudApps_Search",1700000025,5181,149.39,"2017-05-24 01:08:55.191-07","wooster.or1"
"DXC_BF_Google_Enterprise&CloudApps_Search",1700000025,5181,149.39,"2017-05-24 01:08:55.227-07","wooster.or1"
"DXC_BF_Google_Enterprise&CloudApps_Search",1700000025,5181,149.39,"2017-05-24 15:09:35.6-07","wooster.or1"
"DXC_BF_Google_Enterprise&CloudApps_Search",1700000025,5181,149.39,"2017-05-24 15:09:35.633-07","wooster.or1"
"DXC_BF_Google_Enterprise&CloudApps_Search",1700000025,5181,168.99,"2017-05-24 21:16:38.81-07","wooster.or1"
"DXC_BF_Google_Security_Search",1700000026,5181,244.74,"2017-05-24 01:08:34.162-07","wooster.or1"
"DXC_BF_Google_Security_Search",1700000026,5181,244.74,"2017-05-24 01:08:34.202-07","wooster.or1"
"DXC_BF_Google_Security_Search",1700000026,5181,244.74,"2017-05-24 15:09:36.496-07","wooster.or1"
"DXC_BF_Google_Security_Search",1700000026,5181,244.74,"2017-05-24 15:09:36.538-07","wooster.or1"
"DXC_BF_Google_Security_Search",1700000026,5181,285.66,"2017-05-24 21:16:41.075-07","wooster.or1"
"Prospecting - BlueKai",1700000000,5189,850,"2017-05-24 18:05:46.67-07","wooster.or1"
"Prospecting - PMP",1700000001,5189,700,"2017-05-24 18:05:46.677-07","wooster.or1"
"Nordstrom_DCO Retargeting_PDP_Recency",1700000021,5132,229,"2017-05-24 10:13:27.272-07","wooster.or1"
"Nordstrom_DCO Retargeting_PDP_Recency",1700000021,5132,229,"2017-05-24 13:08:38.846-07","wooster.or1"
"Nordstrom_DCO Retargeting_PDP_Recency",1700000021,5132,500,"2017-05-24 13:44:31.638-07","wooster.or1"
"Nordstrom_DCO Retargeting_PDP_Recency",1700000021,5132,500,"2017-05-24 13:44:31.966-07","wooster.or1"
"Nordstrom_DCO Retargeting_PDP_Recency",1700000021,5132,500,"2017-05-24 13:44:32.072-07","wooster.or1"
"Nordstrom_DCO Retargeting_PDP_Recency",1700000021,5132,750,"2017-05-24 16:08:44.834-07","wooster.or1"
"Nordstrom_DCO Retargeting_PDP_Y&M",1700000025,5132,138,"2017-05-24 10:12:33.361-07","wooster.or1"
"Nordstrom_DCO Retargeting_PDP_Y&M",1700000025,5132,500,"2017-05-24 10:33:37.041-07","wooster.or1"
"Nordstrom_DCO Retargeting_PDP_Y&M",1700000025,5132,500,"2017-05-24 10:58:46.735-07","wooster.or1"
"Nordstrom_DCO Retargeting_Cart Recency",1700000026,5132,400,"2017-05-24 06:02:36.675-07","wooster.or1"
"Nordstrom_DCO Retargeting_Cart Recency",1700000026,5132,400,"2017-05-24 06:02:36.901-07","wooster.or1"
"Nordstrom_DCO Retargeting_Cart Recency",1700000026,5132,750,"2017-05-24 10:31:33.247-07","wooster.or1"
"Nordstrom_DCO Retargeting_Cart Recency",1700000026,5132,750,"2017-05-24 21:03:14.905-07","wooster.or1"
"Nordstrom_DCO Retargeting_Cart WL",1700000029,5132,750,"2017-05-24 05:51:43.583-07","wooster.or1"
"Nordstrom_DCO Retargeting_Cart WL",1700000029,5132,750,"2017-05-24 05:51:43.899-07","wooster.or1"
"Nordstrom_DCO Retargeting_Cart WL",1700000029,5132,1000,"2017-05-24 10:36:26.116-07","wooster.or1"
"Nordstrom_DCO Retargeting_Cart WL",1700000029,5132,1200,"2017-05-24 19:12:00.056-07","wooster.or1"
"Nordstrom_DCO Retargeting_Cart WL",1700000029,5132,1200,"2017-05-24 21:03:14.907-07","wooster.or1"
"Nordstrom_DCO Retargeting_AAM Test",1700000033,5132,240,"2017-05-24 21:03:14.905-07","wooster.or1"
"Nordstrom_DCO Retargeting_AAM Test 2",1700000034,5132,200,"2017-05-24 21:03:14.908-07","wooster.or1"
"Nordstrom_DCO Retargeting_Transaction",1700000035,5132,96,"2017-05-24 10:04:48.487-07","wooster.or1"
"Nordstrom_DCO Retargeting_Transaction",1700000035,5132,500,"2017-05-24 10:35:10.372-07","wooster.or1"
"Nordstrom_DCO Retargeting_Transaction",1700000035,5132,500,"2017-05-24 11:47:50.627-07","wooster.or1"
"Nordstrom_DCO Retargeting_Transaction",1700000035,5132,500,"2017-05-24 21:03:14.908-07","wooster.or1"
"Nordstrom_DCO Retargeting_Shopping Bag Visitor",1700000036,5132,48,"2017-05-24 10:06:04.148-07","wooster.or1"
"Nordstrom_DCO Retargeting_Shopping Bag Visitor",1700000036,5132,750,"2017-05-24 10:36:33.345-07","wooster.or1"
"Nordstrom_DCO Retargeting_Shopping Bag Visitor",1700000036,5132,750,"2017-05-24 11:47:25.137-07","wooster.or1"
"Nordstrom_DCO Retargeting_Shopping Bag Visitor",1700000036,5132,750,"2017-05-24 21:03:14.908-07","wooster.or1"
"Nordstrom_DCO Retargeting_Cart Abandoner",1700000037,5132,96,"2017-05-24 10:05:26.144-07","wooster.or1"
"Nordstrom_DCO Retargeting_Cart Abandoner",1700000037,5132,96,"2017-05-24 21:03:14.909-07","wooster.or1"
"Nordstrom_DCO Retargeting_Product Page View",1700000038,5132,48,"2017-05-24 10:04:13.605-07","wooster.or1"
"Nordstrom_DCO Retargeting_Product Page View",1700000038,5132,1000,"2017-05-24 10:34:36.553-07","wooster.or1"
"Nordstrom_DCO Retargeting_Product Page View",1700000038,5132,1000,"2017-05-24 11:46:53.849-07","wooster.or1"
"Nordstrom_DCO Retargeting_Remove Item from Cart",1700000039,5132,250,"2017-05-24 10:34:07.078-07","wooster.or1"
"Nordstrom_DCO Retargeting_Remove Item from Cart",1700000039,5132,250,"2017-05-24 21:03:14.906-07","wooster.or1"
"Nordstrom_DCO Retargeting_WP",1700000040,5132,50,"2017-05-24 06:08:58.845-07","wooster.or1"
"Nordstrom_DCO Retargeting_WP",1700000040,5132,25,"2017-05-24 06:12:03.225-07","wooster.or1"
"Nordstrom_DCO Retargeting_WP",1700000040,5132,25,"2017-05-24 21:03:14.909-07","wooster.or1"
"Nordstrom_DCO Retargeting_Clickers",1700000041,5132,500,"2017-05-24 10:32:27.726-07","wooster.or1"
"Nordstrom_DCO Retargeting_Clickers",1700000041,5132,500,"2017-05-24 21:03:14.907-07","wooster.or1"
"Nordstrom_DCO_Retargeting_Email Contact Preference",1700000042,5132,240,"2017-05-24 13:45:13.154-07","wooster.or1"
"Nordstrom_DCO_Retargeting_Email Contact Preference",1700000042,5132,240,"2017-05-24 21:03:14.897-07","wooster.or1"
"Nordstrom_DCO_Retargeting_Nord Transactions",1700000043,5132,780,"2017-05-24 05:54:56.386-07","wooster.or1"
"Nordstrom_DCO_Retargeting_Nord Transactions",1700000043,5132,780,"2017-05-24 05:54:57.061-07","wooster.or1"
"Nordstrom_DCO_Retargeting_Nord Transactions",1700000043,5132,550,"2017-05-24 05:55:36.807-07","wooster.or1"
"Nordstrom_DCO_Retargeting_Nord Transactions",1700000043,5132,550,"2017-05-24 21:03:14.907-07","wooster.or1"
"Nordstrom_DCO_Retargeting_TC Members",1700000045,5132,250,"2017-05-24 10:36:47.543-07","wooster.or1"
"Nordstrom_DCO_Retargeting_TC Members",1700000045,5132,250,"2017-05-24 21:03:14.904-07","wooster.or1"
"Nordstrom_DCO_Retargeting_NCOM Spend",1700000046,5132,310,"2017-05-24 05:53:08.63-07","wooster.or1"
"Nordstrom_DCO_Retargeting_NCOM Spend",1700000046,5132,750,"2017-05-24 10:31:57.985-07","wooster.or1"
"Nordstrom_DCO_Retargeting_NCOM Spend",1700000046,5132,750,"2017-05-24 21:03:14.909-07","wooster.or1"
"MED_SEP17_EHM_Browsers_Retargeting",1000002359,4462,701,"2017-05-24 00:15:39.537-07","wooster.or1"
"MED_SEP17_EHM_Browsers_Retargeting",1000002359,4462,701,"2017-05-24 18:05:24.791-07","wooster.or1"
"MED_SEP17_EHM_Browsers_Retargeting",1000002359,4462,701,"2017-05-24 18:08:29.13-07","wooster.or1"
"MED_SEP17_EHM_Browsers_Retargeting",1000002359,4462,701,"2017-05-24 19:01:30.423-07","wooster.or1"
"MED_SEP17_EHM_Browsers_Retargeting",1000002359,4462,701,"2017-05-24 21:06:30.338-07","wooster.or1"
"MED_SEP17_EHM_SA_Retargeting",1000002360,4462,75,"2017-05-24 21:06:30.338-07","wooster.or1"
"MED_SEP17_MDC_Browsers_Retargeting",1000002370,4462,150,"2017-05-24 18:11:21.102-07","wooster.or1"
"MED_SEP17_MDC_Browsers_Retargeting",1000002370,4462,150,"2017-05-24 21:06:30.335-07","wooster.or1"
"MED_SEP17_EHM_Quoters_Retargeting",1000002371,4462,150,"2017-05-24 21:06:30.339-07","wooster.or1"
"IFP_IFP_SEP2017_EHI_Browsers_RTB",1000002386,4462,350,"2017-05-24 00:15:39.082-07","wooster.or1"
"IFP_IFP_SEP2017_EHI_Browsers_RTB",1000002386,4462,350,"2017-05-24 21:06:30.337-07","wooster.or1"
"IFP_IFP_SEP2017_EHI_QuoterWBE_RTB",1000002387,4462,110,"2017-05-24 00:15:39.392-07","wooster.or1"
"IFP_IFP_SEP2017_EHI_QuoterWBE_RTB",1000002387,4462,110,"2017-05-24 21:06:30.336-07","wooster.or1"
"IFP_IFP_SEP2017_EHI_QuoterIFP_RTB",1000002388,4462,345,"2017-05-24 21:06:30.339-07","wooster.or1"
"IFP_IFP_SEP2017_EHI_StartedAppWBE_RTB",1000002389,4462,8,"2017-05-24 00:15:39.337-07","wooster.or1"
"IFP_IFP_SEP2017_EHI_StartedAppWBE_RTB",1000002389,4462,8,"2017-05-24 21:06:30.339-07","wooster.or1"
"IFP_IFP_SEP2017_EHI_StartedAppIFP_RTB",1000002390,4462,14,"2017-05-24 00:15:39.288-07","wooster.or1"
"IFP_IFP_SEP2017_EHI_StartedAppIFP_RTB",1000002390,4462,14,"2017-05-24 21:06:30.337-07","wooster.or1"
"SB_Browsers_RTB",1000002393,4462,100,"2017-05-24 00:15:39.229-07","wooster.or1"
"SB_Browsers_RTB",1000002393,4462,100,"2017-05-24 14:33:59.234-07","wooster.or1"
"SB_Browsers_RTB",1000002393,4462,100,"2017-05-24 21:06:30.332-07","wooster.or1"
"IFP_ST_Browsers_RTB",1000002394,4462,30,"2017-05-24 00:15:39.482-07","wooster.or1"
"IFP_ST_Browsers_RTB",1000002394,4462,30,"2017-05-24 21:06:30.336-07","wooster.or1"
"IFP_ST_Quoters_RTB",1000002395,4462,90,"2017-05-24 00:15:39.598-07","wooster.or1"
"IFP_ST_Quoters_RTB",1000002395,4462,90,"2017-05-24 21:06:30.339-07","wooster.or1"
"MED_SEP17_RECO_Browsers",1000002426,4462,150,"2017-05-24 21:06:30.338-07","wooster.or1"
"MED_SEP17_Aetna__Pros",1000002427,4462,500,"2017-05-24 21:06:30.338-07","wooster.or1"
"AM Demo",1700061101,3085,0.01,"2017-05-24 21:01:25.45-07","wooster.or1"
"HARD_Discovery",1000004003,4652,189.51,"2017-05-24 00:22:58.275-07","wooster.or1"
"HARD_Discovery",1000004003,4652,189.51,"2017-05-24 18:11:38.396-07","wooster.or1"
"HARD_Discovery",1000004003,4652,189.51,"2017-05-24 18:11:38.442-07","wooster.or1"
"DCO - PDP Remarketing Q2 2017",1000006285,4652,6554.38,"2017-05-24 00:15:51.937-07","wooster.or1"
"DCO - PDP Remarketing Q2 2017",1000006285,4652,6554.38,"2017-05-24 21:07:04.143-07","wooster.or1"
"AMO - Engineered Hardwood Remarketing  Q2 2017",1000006286,4652,273.7,"2017-05-24 00:15:52.03-07","wooster.or1"
"AMO - Engineered Hardwood Remarketing  Q2 2017",1000006286,4652,273.7,"2017-05-24 21:07:04.141-07","wooster.or1"
"AMO - Hardwood Remarketing Q2 2017",1000006287,4652,274.25,"2017-05-24 00:15:51.838-07","wooster.or1"
"AMO - Hardwood Remarketing Q2 2017",1000006287,4652,274.25,"2017-05-24 21:07:04.143-07","wooster.or1"
"AMO - Laminate Remarketing Q2 2017",1000006288,4652,277.73,"2017-05-24 00:15:51.985-07","wooster.or1"
"AMO - Laminate Remarketing Q2 2017",1000006288,4652,277.73,"2017-05-24 21:07:04.141-07","wooster.or1"
"AMO - Vinyl Remarketing Q2 2017",1000006289,4652,169.31,"2017-05-24 00:15:51.741-07","wooster.or1"
"AMO - Vinyl Remarketing Q2 2017",1000006289,4652,169.31,"2017-05-24 21:07:04.141-07","wooster.or1"
"AMO - Ceramic & Porcelain Remarketing Q2 2017",1000006291,4652,118.49,"2017-05-24 00:15:51.699-07","wooster.or1"
"AMO - Ceramic & Porcelain Remarketing Q2 2017",1000006291,4652,118.49,"2017-05-24 21:07:04.142-07","wooster.or1"
"AMO - More Than Just Floors 4.0 (Q2 2017)",1000006302,4652,1684.99,"2017-05-24 00:15:51.789-07","wooster.or1"
"AMO - More Than Just Floors 4.0 (Q2 2017)",1000006302,4652,1684.99,"2017-05-24 21:07:04.134-07","wooster.or1"
"AMO - BD Pros Retargeting - Q2 2017",1000006307,4652,404.47,"2017-05-24 00:15:51.881-07","wooster.or1"
"AMO - BD Pros Retargeting - Q2 2017",1000006307,4652,404.47,"2017-05-24 21:07:04.142-07","wooster.or1"
"#GSD_Sybr Green_NEW_RT_10033076#",1000008293,3652,53.01,"2017-05-24 21:12:13.389-07","wooster.or1"
"#BID_EVOS_RTB_18833004#VT_040316",1000008316,3652,39.01,"2017-05-24 21:12:13.384-07","wooster.or1"
"#BID_T Cell Activation_RTB_10031030#RT_040316",1000008324,3652,62.01,"2017-05-24 21:12:13.373-07","wooster.or1"
"#BID_T Cell Activation_RTB_10031030#VT_040316",1000008325,3652,42.01,"2017-05-24 21:12:13.396-07","wooster.or1"
"#BID_Exosomes_RTB_10031030#RT_040316",1000008328,3652,31.01,"2017-05-24 21:12:13.381-07","wooster.or1"
"#BID_Exosomes_RTB_10031030#VT_040316",1000008329,3652,14.01,"2017-05-24 21:12:13.387-07","wooster.or1"
"#BID_Oligos Global_RTB_10033013#RT_040316",1000008332,3652,114.01,"2017-05-24 21:12:13.389-07","wooster.or1"
"#BID_Lipofectamine_RTB_10033008#RT_040316",1000008421,3652,47,"2017-05-24 21:12:13.394-07","wooster.or1"
"#BID_Expi293 Struct. Bio._RTB_10033008#RT_040316",1000008499,3652,34.01,"2017-05-24 21:12:13.396-07","wooster.or1"
"#BID_Expi293 Struct. Bio._RTB_10033008#VT_021517",1000008500,3652,26.01,"2017-05-24 21:12:13.392-07","wooster.or1"
"#GSD_Ampliseq_RT_NEW_10031130#",1000008533,3652,62.01,"2017-05-24 21:12:13.395-07","wooster.or1"
"#GSD_Ampliseq_VT_NEW_10031130#",1000008534,3652,40.01,"2017-05-24 21:12:13.388-07","wooster.or1"
"#BID_Beautiful Science AF_RTB_10031220#VT_040316",1000008590,3652,34.01,"2017-05-24 21:12:13.394-07","wooster.or1"
"#BID_PSC Handbook_RTB_10031120#RT_040316",1000008655,3652,16.01,"2017-05-24 21:12:13.369-07","wooster.or1"
"#BID_ExpiCHO_RTB_10033008#RT_040316",1000008696,3652,29.01,"2017-05-24 21:12:13.378-07","wooster.or1"
"#BID_ExpiCHO_VT_10033008#",1000009176,3652,24.01,"2017-05-24 21:12:13.374-07","wooster.or1"
"#NA_JumpStart-1Q2016_10031023#",1000009534,3652,105.01,"2017-05-24 21:12:13.386-07","wooster.or1"
"#GSD_Trade In Trade Up_RT_10033076#",1000009559,3652,26.01,"2017-05-24 21:12:13.378-07","wooster.or1"
"#BID_Northstar_RTB_10031067#RT_040316",1000009718,3652,69.01,"2017-05-24 21:12:13.372-07","wooster.or1"
"#BID_FBS Fingerprinting_RTB_10033008#RT_040316",1000009829,3652,31.01,"2017-05-24 21:12:13.391-07","wooster.or1"
"#BID_cfDNA_RTB_10031030#RT_040516",1000009841,3652,28,"2017-05-24 21:12:13.378-07","wooster.or1"
"#CAD_EPM Ambient Particulate_VT_19309#",1000009998,3652,15.01,"2017-05-24 21:12:13.377-07","wooster.or1"
"#BID_EVOS_RTB_18833004#Term_040316",1000010078,3652,62.01,"2017-05-24 21:12:13.398-07","wooster.or1"
"#BID_cfDNA_RTB_10031030#VT_040516",1000010172,3652,19,"2017-05-24 21:12:13.367-07","wooster.or1"
"#BID_PSC Handbook_RTB_10031120#VT_040316",1000010445,3652,10.01,"2017-05-24 21:12:13.384-07","wooster.or1"
"#BID_Match Portfolio_RTB_10031220#VT_041516",1000010526,3652,96.01,"2017-05-24 21:12:13.39-07","wooster.or1"
"#BID_Match AF_RTB_10031220#RT_041516",1000010529,3652,56.01,"2017-05-24 21:12:13.372-07","wooster.or1"
"#BID_Match Promo_RTB_10031220#RT_041516",1000010532,3652,186.01,"2017-05-24 21:12:13.379-07","wooster.or1"
"#GSD_Appletini_New_VT_10033076#",1000010803,3652,33.01,"2017-05-24 21:12:13.383-07","wooster.or1"
"#GSD_3500 Genetic Analyzer_RT_10033014#",1000010848,3652,63.01,"2017-05-24 21:12:13.4-07","wooster.or1"
"#GSD_Taqman _VT_10033076#",1000010849,3652,30.01,"2017-05-24 21:12:13.397-07","wooster.or1"
"#GSD_Good Genes_10033076#",1000011188,3652,75.01,"2017-05-24 21:12:13.374-07","wooster.or1"
"#BID_QUBIT_RTB_18833004#RT_040316",1000011211,3652,21.01,"2017-05-24 21:12:13.38-07","wooster.or1"
"#GSD_ReproSeq PGS Webinar Promotion_RT_10031130",1000011212,3652,27.01,"2017-05-24 21:12:13.387-07","wooster.or1"
"#BID_Gibco One Shot FBS_RTB_10033008#VT_61016",1000011225,3652,60.01,"2017-05-24 21:12:13.394-07","wooster.or1"
"#BID_EVOS FLoid_RTB_18833004#RT_062016",1000011396,3652,118.01,"2017-05-24 21:12:13.375-07","wooster.or1"
"#BID_DA Kit_RTB_10031120#RT_71316",1000011569,3652,32,"2017-05-24 21:12:13.392-07","wooster.or1"
"#BID_DA Kit_RTB_10031120#VT_71316",1000011570,3652,22,"2017-05-24 21:12:13.375-07","wooster.or1"
"#CAD_EM and PM Solutions for the Refinery_19309-715-7255_VT#",1000011669,3652,15.01,"2017-05-24 21:12:13.384-07","wooster.or1"
"#BID_FFPE DNA Extraction_RTB_10031030#VT_71116#",1000011678,3652,28,"2017-05-24 21:12:13.383-07","wooster.or1"
"#BID_QUBIT_RTB_18833004#_VT",1000011727,3652,13.01,"2017-05-24 21:12:13.397-07","wooster.or1"
"#BID_IP King _RTB_10031030#RT",1000011740,3652,108.01,"2017-05-24 21:12:13.376-07","wooster.or1"
"#BID_IP King _RTB_10031030#VT",1000011741,3652,19.01,"2017-05-24 21:12:13.373-07","wooster.or1"
"#BID_Attune_RTB_18831011#RT",1000011756,3652,61.01,"2017-05-24 21:12:13.368-07","wooster.or1"
"#BID_Attune_RTB_18831011#VT",1000011757,3652,51.01,"2017-05-24 21:12:13.382-07","wooster.or1"
"#BID_Gibco Virtual Labs_RTB_10033008#RT_080116",1000011761,3652,65.01,"2017-05-24 21:12:13.382-07","wooster.or1"
"#BID_Gibco Virtual Labs_RTB_10033008#VT_080116",1000011762,3652,43.01,"2017-05-24 21:12:13.384-07","wooster.or1"
"#BID_Immunoprecipitation_RTB_10031030#RT_080516",1000011801,3652,69.01,"2017-05-24 21:12:13.375-07","wooster.or1"
"#BID_Immunoprecipitation_RTB_10031030#VT_080516",1000011802,3652,50.01,"2017-05-24 21:12:13.399-07","wooster.or1"
"#GSD_3500 Genetic Analyzer_VT_10033014#",1000011831,3652,46.01,"2017-05-24 21:12:13.375-07","wooster.or1"
"#GSD_Appletini_New_RT_10033076#",1000011832,3652,50.01,"2017-05-24 21:12:13.387-07","wooster.or1"
"#GSD_Taqman _RT_10033076#",1000011833,3652,37.01,"2017-05-24 21:12:13.399-07","wooster.or1"
"#BID_Flow Tool Kit_RTB_18831011#RT_081216",1000011873,3652,162.01,"2017-05-24 21:12:13.393-07","wooster.or1"
"#BID_Protein Exp Systems_RTB_10033008#VT_90716",1000012106,3652,59.01,"2017-05-24 21:12:13.4-07","wooster.or1"
"#BID_Media Form Tool_RTB_10033008#RT_92216",1000012472,3652,186.01,"2017-05-24 21:12:13.37-07","wooster.or1"
"#GSD_Emmett_RT_100311076#",1000012480,3652,63.01,"2017-05-24 21:12:13.376-07","wooster.or1"
"#GSD_Emmett_VT_100311076#",1000012481,3652,37.01,"2017-05-24 21:12:13.395-07","wooster.or1"
"#BID_PlatinumSuperFi_RTB_10031259#RT_040316",1000012494,3652,85.01,"2017-05-24 21:12:13.401-07","wooster.or1"
"#BID_ATC_RTB_10031260#RT_101616",1000012521,3652,19.01,"2017-05-24 21:12:13.395-07","wooster.or1"
"#BID_ATC_RTB_10031260#VT_101616",1000012522,3652,13.01,"2017-05-24 21:12:13.384-07","wooster.or1"
"#BID_Trizol_RTB_10031030#RT_101616",1000012527,3652,28,"2017-05-24 21:12:13.399-07","wooster.or1"
"#BID_NAP Essentials _RTB_10031030#VT_101616",1000012534,3652,19,"2017-05-24 21:12:13.392-07","wooster.or1"
"#BID_NAP Essentials _RTB_10031030#RT_101616",1000012535,3652,28,"2017-05-24 21:12:13.391-07","wooster.or1"
"#BID_FBS Fingerprinting_RTB_10033008#VT_040316",1000012539,3652,21.01,"2017-05-24 21:12:13.372-07","wooster.or1"
"#BID_Cell Coloring Book_RTB_18833004#RT_111016",1000012556,3652,25.01,"2017-05-24 21:12:13.37-07","wooster.or1"
"#BID_Value of DNA_RTB_10031067#RT",1000012661,3652,54.01,"2017-05-24 21:12:13.393-07","wooster.or1"
"#BID_Free Mol Bio Edu_RTB_10031259#RT_122916",1000012670,3652,40,"2017-05-24 21:12:13.387-07","wooster.or1"
"#BID_Free Mol Bio Edu_RTB_10031259#VT_122916",1000012671,3652,27,"2017-05-24 21:12:13.373-07","wooster.or1"
"#BID_ThermalCyclerAppliedBio_RTB_10031260#RT_072916",1000012676,3652,31.01,"2017-05-24 21:12:13.381-07","wooster.or1"
"#BID_ThermalCyclerAppliedBio_RTB_10031260#VT_072916",1000012677,3652,21.01,"2017-05-24 21:12:13.38-07","wooster.or1"
"#BID_ABPlastics_RTB_10031260#RT_060216",1000012678,3652,29.01,"2017-05-24 21:12:13.382-07","wooster.or1"
"#BID_ABPlastics_RTB_10031260#VT_060216",1000012679,3652,19.01,"2017-05-24 21:12:13.376-07","wooster.or1"
"#BID_ThermoSciPlastics_RTB_10031260#RT_072916",1000012681,3652,39.01,"2017-05-24 21:12:13.388-07","wooster.or1"
"#BID_ThermoSciPlastics_RTB_10031260#VT_072916",1000012682,3652,22,"2017-05-24 21:12:13.397-07","wooster.or1"
"#BID_MARKETPLACE_RTB_10031261#RT_50116",1000012686,3652,33.01,"2017-05-24 21:12:13.379-07","wooster.or1"
"#BID_Marketplace_RTB_10031261#VT_50116",1000012687,3652,12.01,"2017-05-24 21:12:13.369-07","wooster.or1"
"#BID_Anza_RTB_10031259#RT_040316",1000012688,3652,56.01,"2017-05-24 21:12:13.385-07","wooster.or1"
"#BID_Neuro Handbook_RTB_10031120#RT_010917",1000012696,3652,54,"2017-05-24 21:12:13.381-07","wooster.or1"
"#GSD_ReproSeq PGS Webinar Promotion_VT_10031130",1000012737,3652,18.01,"2017-05-24 21:12:13.375-07","wooster.or1"
"#BID_Countess Fluorescence_RTB_18833004#RT_111016",1000012738,3652,37.01,"2017-05-24 21:12:13.383-07","wooster.or1"
"#BID_Countess Fluorescence_RTB_18833004#VT_111016",1000012739,3652,22.01,"2017-05-24 21:12:13.377-07","wooster.or1"
"#BID_StemFlex_RTB_10031120#RT_012017",1000012764,3652,40,"2017-05-24 21:12:13.4-07","wooster.or1"
"#BID_StemFlex_RTB_10031120#VT_012017",1000012765,3652,27,"2017-05-24 21:12:13.386-07","wooster.or1"
"#BID_Beautiful Science AF_RTB_10031220#RT_040316",1000012767,3652,24.01,"2017-05-24 21:12:13.376-07","wooster.or1"
"#BID_Mol Bio Handbook_RTB_10031259#RT_50116",1000012786,3652,40,"2017-05-24 21:12:13.368-07","wooster.or1"
"#BID_Mol Bio Handbook_RTB_10031259#VT_50116",1000012787,3652,27,"2017-05-24 21:12:13.394-07","wooster.or1"
"#BID_Cas9 Protein Award Winning_RTB_10031067#RT",1000012788,3652,52.01,"2017-05-24 21:12:13.391-07","wooster.or1"
"#BID_CRISPR Libraries Top 10_RTB_10031067#RT",1000012789,3652,32.01,"2017-05-24 21:12:13.39-07","wooster.or1"
"#BID_CRISPR Libraries Top 10_RTB_10031067#VT",1000012790,3652,21.01,"2017-05-24 21:12:13.393-07","wooster.or1"
"#BID_Culture One_RTB_10031120#RT_020517",1000012791,3652,36,"2017-05-24 21:12:13.37-07","wooster.or1"
"#BID_Beautiful Sci AF Plus_RTB_10031220#VT_020717",1000012802,3652,142,"2017-05-24 21:12:13.386-07","wooster.or1"
"#BID_Dolls Purchase Promo_RTB_10031103#RT",1000012804,3652,117.01,"2017-05-24 21:12:13.397-07","wooster.or1"
"#GSD_ExosapIT_RT_10033014",1000012805,3652,49.01,"2017-05-24 21:12:13.401-07","wooster.or1"
"#GSD_ExosapIT_VT_10033014",1000012806,3652,28,"2017-05-24 21:12:13.37-07","wooster.or1"
"#BID_Super Bright_RTB_18831011#RT_ 021717",1000012858,3652,199.01,"2017-05-24 21:12:13.393-07","wooster.or1"
"#BID_Super Bright_RTB_18831011#VT_ 021717",1000012859,3652,113.01,"2017-05-24 21:12:13.385-07","wooster.or1"
"#BID_FFPE DNA Extraction_RTB_10031030#RT_022717",1000012898,3652,19,"2017-05-24 21:12:13.372-07","wooster.or1"
"#BID_Countess Count Game_RTB_18833004#RT_3022017",1000012903,3652,31.01,"2017-05-24 21:12:13.398-07","wooster.or1"
"#BID_Countess Count Game_RTB_18833004#VT_3022017",1000012905,3652,22.01,"2017-05-24 21:12:13.387-07","wooster.or1"
"#BID_Trizol_RTB_10031030#VT_101616",1000012908,3652,59.01,"2017-05-24 21:12:13.399-07","wooster.or1"
"#BID_Gibco ExpressionWorld_RTB_10033008#RT_030617",1000012913,3652,45.01,"2017-05-24 21:12:13.397-07","wooster.or1"
"#BID_Gibco ExpressionWorld_RTB_10033008#VT_030617",1000012914,3652,30.01,"2017-05-24 21:12:13.372-07","wooster.or1"
"#BID_Purelink RNA_RTB_10031030#RT_030717",1000012916,3652,28,"2017-05-24 21:12:13.401-07","wooster.or1"
"#BID_Purelink RNA_RTB_10031030#VT_030717",1000012917,3652,19,"2017-05-24 21:12:13.369-07","wooster.or1"
"#BID_Plasmid DNA_RTB_10031030#RT_030717",1000012918,3652,46.01,"2017-05-24 21:12:13.388-07","wooster.or1"
"#BID_Plasmid DNA_RTB_10031030#VT_030717",1000012919,3652,24.01,"2017-05-24 21:12:13.398-07","wooster.or1"
"#BID_Scooter ELISA_RTB_10031220#VT_030717",1000012927,3652,34.01,"2017-05-24 21:12:13.371-07","wooster.or1"
"#BID_Veriti Thermal_RTB_10031260#RT_030817",1000012928,3652,39.01,"2017-05-24 21:12:13.377-07","wooster.or1"
"#BID_Veriti Thermal_RTB_10031260#VT_030817",1000012935,3652,39.01,"2017-05-24 21:12:13.379-07","wooster.or1"
"#BID_TOPO Family_RTB_10031259#RT_030917",1000012937,3652,49,"2017-05-24 21:12:13.373-07","wooster.or1"
"#BID_TOPO Family_RTB_10031259#VT_030917",1000012938,3652,32,"2017-05-24 21:12:13.39-07","wooster.or1"
"#BID_Cloning Cont Story _RTB_10031259#RT_030917",1000012939,3652,32,"2017-05-24 21:12:13.386-07","wooster.or1"
"#BID_Cloning Cont Story _RTB_10031259#VT_030917",1000012940,3652,22,"2017-05-24 21:12:13.389-07","wooster.or1"
"#BID_5 Step Guide_RTB_18833004#RT_30717",1000012941,3652,21.01,"2017-05-24 21:12:13.396-07","wooster.or1"
"#BID_5 Step Guide_RTB_18833004#VT_30717",1000012942,3652,20.01,"2017-05-24 21:12:13.374-07","wooster.or1"
"#BID_Maxima_RTB_10031261#RT_031517",1000012954,3652,39.01,"2017-05-24 21:12:13.398-07","wooster.or1"
"#BID_Maxima_RTB_10031261#VT_031517",1000012955,3652,22.01,"2017-05-24 21:12:13.399-07","wooster.or1"
"#GSD_Trade In Trade Up_OT_10033076#",1000012956,3652,49.01,"2017-05-24 21:12:13.374-07","wooster.or1"
"#BID_Scooter Luminex_RTB_10031220#RT_031317",1000012959,3652,342.01,"2017-05-24 21:12:13.382-07","wooster.or1"
"#BID_HCA Assay Build_RTB_18833004#RT_31317",1000012961,3652,18.01,"2017-05-24 21:12:13.388-07","wooster.or1"
"#BID_HCA Assay Build_RTB_18833004#VT_31317",1000012962,3652,11.01,"2017-05-24 21:12:13.371-07","wooster.or1"
"#GSD_HID Quantstudio_RT_10033073#",1000012964,3652,145.01,"2017-05-24 21:12:13.385-07","wooster.or1"
"#BID_Screening Solutions Guide_RTB_10031067#RT",1000013032,3652,31.01,"2017-05-24 21:12:13.385-07","wooster.or1"
"#BID_Screening Solutions Guide_RTB_10031067#VT",1000013033,3652,21.01,"2017-05-24 21:12:13.398-07","wooster.or1"
"#BID_Gene Ruler_RTB_10031261#RT_031317",1000013035,3652,32.01,"2017-05-24 21:12:13.373-07","wooster.or1"
"#BID_Gene Ruler_RTB_10031261#VT_031317",1000013036,3652,21.01,"2017-05-24 21:12:13.392-07","wooster.or1"
"#BID_Revita Cell _RTB_10031120#RT_033117",1000013037,3652,45.01,"2017-05-24 21:12:13.391-07","wooster.or1"
"#BID_Revita Cell _RTB_10031120#VT_033117",1000013038,3652,36.01,"2017-05-24 21:12:13.4-07","wooster.or1"
"#BID_King Fisher Technology_RTB_10031030#RT_033117",1000013039,3652,28,"2017-05-24 21:12:13.371-07","wooster.or1"
"#BID_King Fisher Technology_RTB_10031030#VT_033117",1000013040,3652,18,"2017-05-24 21:12:13.392-07","wooster.or1"
"#BID_Kinase Expansion _RTB_10031120#VT_040317",1000013045,3652,46,"2017-05-24 21:12:13.389-07","wooster.or1"
"#BID_Transfection Solutions _RTB_10033008#RT_040317",1000013048,3652,40,"2017-05-24 21:12:13.378-07","wooster.or1"
"#BID_Transfection Solutions _RTB_10033008#VT_040317",1000013049,3652,30.01,"2017-05-24 21:12:13.377-07","wooster.or1"
"#BID_Transfection App Notes_RTB_10033008#RT_032917",1000013050,3652,28,"2017-05-24 21:12:13.381-07","wooster.or1"
"#BID_Transfection App Notes_RTB_10033008#VT_032917",1000013051,3652,18,"2017-05-24 21:12:13.383-07","wooster.or1"
"#BID_EVOS FLoid_RTB_18833004#VT_062016 -LATAM",1000013086,3652,69.01,"2017-05-24 21:12:13.388-07","wooster.or1"
"#BID_Gibco One Shot FBS_RTB_10033008#RT_61016",1000013087,3652,192.01,"2017-05-24 21:12:13.38-07","wooster.or1"
"#BID_Scooter ELISA_RTB_10031220#RT_040217",1000013090,3652,72.01,"2017-05-24 21:12:13.385-07","wooster.or1"
"#BID_Culture One_RTB_10031120#VT_020517",1000013091,3652,30.01,"2017-05-24 21:12:13.371-07","wooster.or1"
"#BID_EVOS_RTB_18833004#VT_040316 -LATAM",1000013092,3652,25.01,"2017-05-24 21:12:13.39-07","wooster.or1"
"#BID_Value of DNA_RTB_10031067#VT",1000013093,3652,33.01,"2017-05-24 21:12:13.389-07","wooster.or1"
"#BID_CiteAb Award Sec Abs_RTB_10031220#VT_040217",1000013094,3652,58,"2017-05-24 21:12:13.381-07","wooster.or1"
"#BID_Immune Checkpoint Abs_RTB_10031220#VT_040217",1000013095,3652,83,"2017-05-24 21:12:13.368-07","wooster.or1"
"#BID_Infectious Disease Abs_RTB_10031220#VT_040217",1000013096,3652,83,"2017-05-24 21:12:13.386-07","wooster.or1"
"#BID_Immunoassay Guide_RTB_10031220#VT_030717",1000013097,3652,58.01,"2017-05-24 21:12:13.362-07","wooster.or1"
"#BID_Scooter Portfolio_RTB_10031220#RT_070316",1000013098,3652,64.01,"2017-05-24 21:12:13.391-07","wooster.or1"
"#BID_LITL Neuro_RTB_10031136#RT_42117",1000013100,3652,15,"2017-05-24 21:12:13.38-07","wooster.or1"
"#BID_LITL Neuro_RTB_10031136#VT_42117",1000013101,3652,10,"2017-05-24 21:12:13.379-07","wooster.or1"
"#GSD_Bio-Rad CFX-96/384 _OT_10033076#",1000013115,3652,50,"2017-05-24 21:12:13.395-07","wooster.or1"
"#BID_Deprendo IA_RTB_10031220#VT_050117",1000013123,3652,46.01,"2017-05-24 21:12:13.376-07","wooster.or1"
"#BID_Deprendo PCR_RTB_10031220#VT_050117",1000013124,3652,46.01,"2017-05-24 21:12:13.379-07","wooster.or1"
"#BID_ExpiCHO G2P _RTB_10031067#RT_42717",1000013158,3652,66,"2017-05-24 21:12:13.396-07","wooster.or1"
"#BID_ExpiCHO G2P _RTB_10031067#VT_42717",1000013159,3652,29.01,"2017-05-24 21:12:13.396-07","wooster.or1"
"#BID_PrimeFlow_RTB_18831011#RT_50817",1000013168,3652,26.01,"2017-05-24 21:12:13.382-07","wooster.or1"
"#BID_PrimeFlow_RTB_18831011#VT_50817",1000013169,3652,19.01,"2017-05-24 21:12:13.385-07","wooster.or1"
"#BID_FCAntibodies_RTB_18831011#RT_50817",1000013170,3652,100.01,"2017-05-24 21:12:13.378-07","wooster.or1"
"#BID_FCAntibodies_RTB_18831011#VT_50817",1000013171,3652,19.01,"2017-05-24 21:12:13.374-07","wooster.or1"
"#BID_Cell Coloring Book_RTB_18833004#VT_051017",1000013177,3652,16.01,"2017-05-24 21:12:13.38-07","wooster.or1"
"#GSD_SeqStudio_RT_10033014#",1000013196,3652,164,"2017-05-24 21:12:13.377-07","wooster.or1"
"#GSD_SeqStudio_VT_10033014#",1000013197,3652,41,"2017-05-24 21:12:13.395-07","wooster.or1"
"#BID_5 Step Webinar_RTB_18833004#RT_051717",1000013209,3652,32.01,"2017-05-24 21:12:13.393-07","wooster.or1"
"Site Specific - General",1330038202,2792,22.86,"2017-05-24 13:13:35.791-07","wooster.lon5"
"Site Specific - Ebay",1330038203,2792,6.86,"2017-05-24 13:13:35.788-07","wooster.lon5"
"Apple Shop - Prospecting",1330038216,2792,27.43,"2017-05-24 13:13:35.79-07","wooster.lon5"
"iPhone 6s Prospecting",1330038219,2792,32,"2017-05-24 13:13:35.791-07","wooster.lon5"
"SIMO - Retargeting",1330038222,2792,11.43,"2017-05-24 13:13:35.78-07","wooster.lon5"
"SIMO - Prospecting",1330038226,2792,22.86,"2017-05-24 13:13:35.791-07","wooster.lon5"
"Networks Prospecting",1330038553,2792,29.71,"2017-05-24 13:13:35.79-07","wooster.lon5"
"Networks Retargeting",1330038554,2792,18.29,"2017-05-24 13:13:35.789-07","wooster.lon5"
"iPhone 7 - Prospecting",1330040557,2792,13.71,"2017-05-24 13:13:35.788-07","wooster.lon5"
"Samsung Galaxy S8 - Prospecting",1330041074,2792,27.43,"2017-05-24 13:13:35.79-07","wooster.lon5"
"Samsung Galaxy S8 - Retargeting",1330041075,2792,20,"2017-05-24 13:13:35.789-07","wooster.lon5"
"Samsung - Prospecting",1330041090,2792,20.57,"2017-05-24 13:13:35.79-07","wooster.lon5"
"WFG_Returning_USD",1700000005,800,433,"2017-05-24 04:22:10.28-07","wooster.lon5"
"WFG_NewCustomers_USD",1700000006,800,1299,"2017-05-24 04:22:10.272-07","wooster.lon5"
"WFG_WinBack_USD",1700000007,800,433,"2017-05-24 04:22:10.279-07","wooster.lon5"
"Woolworths_PetInsurance_USD",1700000015,800,211,"2017-05-24 04:22:10.281-07","wooster.lon5"
"WR_Acquisition_May2017_USD",1000000026,709,1550,"2017-05-24 04:12:19.957-07","wooster.lon5"
"WR_Education_May2017_USD",1000000027,709,1127,"2017-05-24 04:12:19.957-07","wooster.lon5"
"WR_Retargeting_May2017_USD",1000000028,709,376,"2017-05-24 04:12:19.953-07","wooster.lon5"
"FR-H-S Versicherung generisch",1000000026,76,5,"2017-05-24 09:20:43.928-07","wooster.lon5"
"FR-H-S Versicherung generisch",1000000026,76,5,"2017-05-24 09:20:43.988-07","wooster.lon5"
"FR-H-S-P Fahrzeuge",1000000027,76,10,"2017-05-24 09:20:44.602-07","wooster.lon5"
"FR-H-S-P Fahrzeuge",1000000027,76,10,"2017-05-24 09:20:44.642-07","wooster.lon5"
"DE-H-S Versicherungsratgeber",1000000028,76,27.76,"2017-05-24 09:20:45.397-07","wooster.lon5"
"DE-H-S Versicherungsratgeber",1000000028,76,27.76,"2017-05-24 09:20:45.457-07","wooster.lon5"
"DE-H-S Versicherungsratgeber",1000000028,76,24.49,"2017-05-24 15:16:26.326-07","wooster.lon5"
"RT_CH",1000000527,76,100,"2017-05-24 12:10:13.66-07","wooster.lon5"
"_brand_competitors",1000000026,726,53.77,"2017-05-24 15:19:31.082-07","wooster.lon5"
"*_feilen & blöcke",1000000028,726,7.84,"2017-05-24 15:22:35.657-07","wooster.lon5"
"PNS24_P_DE",1000000157,726,82,"2017-05-24 12:10:34.639-07","wooster.lon5"
"PNS24_P_DE",1000000157,726,76,"2017-05-24 15:13:56.619-07","wooster.lon5"
"PNS24_RT_DE_New",1000000382,726,660,"2017-05-24 12:10:34.63-07","wooster.lon5"
"PNS24_RT_DE_New",1000000382,726,616,"2017-05-24 15:16:00.381-07","wooster.lon5"
"S | AU | Philippines",1700000005,907,20.25,"2017-05-24 07:16:41.161-07","wooster.lon5"
"Awareness | Remittance",1700000085,907,224.629526421706,"2017-05-24 04:10:23.812-07","wooster.lon5"
"Awareness | Remittance",1700000085,907,219.050068068735,"2017-05-24 07:33:26.151-07","wooster.lon5"
"KW | Competitor",1700000006,918,50,"2017-05-24 09:04:49.508-07","wooster.lon5"
"IQ_Prospecting_Display",1700000087,918,210.21,"2017-05-24 12:06:46.043-07","wooster.lon5"
"KW_Prospecting_Display",1700000088,918,574.29,"2017-05-24 12:06:46.042-07","wooster.lon5"
"JO_Prospecting_Display",1700000089,918,310.37,"2017-05-24 12:06:46.034-07","wooster.lon5"
"SA_Prospecting_Display",1700000098,918,558.81,"2017-05-24 12:06:46.041-07","wooster.lon5"
"BH_Prospecting_Display",1700000139,918,252.94,"2017-05-24 12:06:46.041-07","wooster.lon5"
"Online Store Chromecast - Display",1700000274,897,27,"2017-05-24 07:08:31.853-07","wooster.lon5"
"Online Store SIM2Fly - Display",1700000285,897,27,"2017-05-24 07:08:31.846-07","wooster.lon5"
"Nykaa_Prospecting_Campaign",1000022699,599,80,"2017-05-24 08:36:13.878-07","wooster.lon5"
"Nykaa_Retargeting_Campaign",1000022704,599,20,"2017-05-24 08:36:13.872-07","wooster.lon5"
"Tatts_Powerball_RT",1000004865,4254,2000,"2017-05-24 04:17:23.309-07","wooster.lon5"
"SA - 00A: Brand Head Exact",1700000007,843,200,"2017-05-24 15:07:49.194-07","wooster.lon5"
"SA - 00A: Brand Head Exact",1700000007,843,200,"2017-05-24 15:07:49.25-07","wooster.lon5"
"RTB_US_RMK_Destinations_ALL",1700001692,843,410,"2017-05-24 18:13:59.55-07","wooster.lon5"
"RTB_US_PROSP",1700001719,843,90,"2017-05-24 03:08:46.64-07","wooster.lon5"
"RTB_US_PROSP",1700001719,843,90,"2017-05-24 18:13:59.557-07","wooster.lon5"
"WH_eSports_Generic_2017",1270097574,3197,50,"2017-05-24 04:08:49.363-07","wooster.lon5"
"FR_Dom_RS_B_Avis Only_(B)_FR",1700000006,793,12.44,"2017-05-24 15:18:36.404-07","wooster.lon5"
"FR_Dom_DT_B_Avis Only_(B)_FR",1700000007,793,244.65,"2017-05-24 15:28:24.735-07","wooster.lon5"
"FR | Domestic | Avis | Display | Retargeting | ALL MONTHS 2017",1700003145,793,550,"2017-05-24 12:16:49.351-07","wooster.lon5"
"GER - 38A: Generic Location Galapagos Exact",1700000774,845,30,"2017-05-24 10:17:16.932-07","wooster.lon5"
"GER - 38A: Generic Location Galapagos Exact",1700000774,845,30,"2017-05-24 10:17:16.978-07","wooster.lon5"
"RTB_UK_RMK_Destinations_ALL",1700001010,845,510,"2017-05-24 13:16:22.48-07","wooster.lon5"
"RTB_EU_RMK_Destinations_ALL",1700001011,845,95,"2017-05-24 13:16:22.469-07","wooster.lon5"
"GIO CTP_DISPLAY_PERFORMANCE_RETARGETING_USD_AUGUST2016 V2",1270067067,1485,98,"2017-05-24 04:08:51.258-07","wooster.lon5"
"GIO PI_DISPLAY_CAMPAIGN_PROSPECTING_USD_USECASE_BAU_MOTOR",1270069548,1485,50.86,"2017-05-24 04:08:51.258-07","wooster.lon5"
"GIO PI_DISPLAY_CAMPAIGN_PROSPECTING_USD_USECASE_BAU_HOME",1270069553,1485,40,"2017-05-24 04:08:51.259-07","wooster.lon5"
"GIO PI_DISPLAY_CAMPAIGN_RETARGETING_USD_USECASE_BAU_MOTOR",1270069574,1485,60.47,"2017-05-24 04:08:51.26-07","wooster.lon5"
"GIO PI_DISPLAY_CAMPAIGN_RETARGETING_USD_USECASE_BAU_HOME",1270069577,1485,28,"2017-05-24 04:08:51.258-07","wooster.lon5"
"GIO BI_DISPLAY_CAMPAIGN_RETARGETING_USD_USECASE_BUSINESSINSURANCE",1270071623,1485,200,"2017-05-24 04:08:51.26-07","wooster.lon5"
"GIO PI_DISPLAY_CAMPAIGN_PROSPECTING_USD_USECASE_EXCLUSIONS_MOTOR",1270071657,1485,50.86,"2017-05-24 04:08:51.257-07","wooster.lon5"
"GIO PI_DISPLAY_CAMPAIGN_RETARGETING_USD_USECASE_EXCLUSIONS_HOME",1270071658,1485,28,"2017-05-24 04:08:51.261-07","wooster.lon5"
"GIO PI_DISPLAY_CAMPAIGN_PROSPECTING_USD_USECASE_EXCLUSIONS_HOME",1270071659,1485,40,"2017-05-24 04:08:51.257-07","wooster.lon5"
"GIO PI_DISPLAY_CAMPAIGN_RETARGETING_USD_USECASE_EXCLUSIONS_MOTOR",1270071728,1485,60.47,"2017-05-24 04:08:51.258-07","wooster.lon5"
"GIO PI_DISPLAY_BRAND_RETENTION_USD_CTP->PI",1270072056,1485,157,"2017-05-24 04:08:51.259-07","wooster.lon5"
"GIO PI_DISPLAY_CAMPAIGN_PROSPECTING_USD_USECASE_BUYCOMPLETELOOKALIKES_MOTOR",1270072057,1485,50.86,"2017-05-24 04:08:51.259-07","wooster.lon5"
"GIO PI_DISPLAY_CAMPAIGN_PROSPECTING_USD_USECASE_BUYCOMPLETELOOKALIKES_HOME",1270072058,1485,40,"2017-05-24 04:08:51.259-07","wooster.lon5"
"GIO PI_DISPLAY_CAMPAIGN_PROSPECTING_USD_USECASE_DOMAIN_HOME",1270072786,1485,1500,"2017-05-24 04:08:51.261-07","wooster.lon5"
"GIO BI_DISPLAY_CAMPAIGN_PROSPECTING_USD_USECASE_DOMAIN",1270072787,1485,500,"2017-05-24 04:08:51.256-07","wooster.lon5"
"APIA Funeral_Display_Campaign_Retargeting_AUD_USECASE_Lookalikes&BAU",1270059081,1589,50,"2017-05-24 04:11:24.491-07","wooster.lon5"
"SuncorpBank_PersonalLoans_Prospecting_AUD",1270059148,1589,70,"2017-05-24 04:11:24.49-07","wooster.lon5"
"SuncorpBank_PersonalLoans_Prospecting_USD",1270059149,1589,30,"2017-05-24 04:11:24.495-07","wooster.lon5"
"SuncorpBank_Homeloans_Prospecting_AUD",1270059235,1589,200,"2017-05-24 04:11:24.5-07","wooster.lon5"
"SuncorpBank_Homeloans_Retargeting_AUD",1270059244,1589,80,"2017-05-24 04:11:24.491-07","wooster.lon5"
"SuncorpBank_Homeloans_Prospecting_USD",1270059249,1589,220,"2017-05-24 04:11:24.5-07","wooster.lon5"
"AAMILife_Prospecting_AUD",1270059364,1589,110,"2017-05-24 04:11:24.492-07","wooster.lon5"
"AAMILife_Prospecting_USD",1270059366,1589,70,"2017-05-24 04:11:24.493-07","wooster.lon5"
"AAMILife_Retargeting_USD",1270059367,1589,15,"2017-05-24 04:11:24.499-07","wooster.lon5"
"SuncorpBank_Homeloans_Retargeting_USD",1270059881,1589,20,"2017-05-24 04:11:24.5-07","wooster.lon5"
"SuncorpBank_PersonalLoans_Retargeting_AUD",1270059884,1589,25,"2017-05-24 04:11:24.501-07","wooster.lon5"
"SuncorpBank_PersonalLoans_Retargeting_USD",1270059885,1589,15,"2017-05-24 04:11:24.495-07","wooster.lon5"
"AAMILife_Retargeting_AUD_New",1270062161,1589,35,"2017-05-24 04:11:24.495-07","wooster.lon5"
"SuncorpPI_Display_Campaign_Prospecting_AdX_Home_CROSSBRANDEXCLUSION",1270065269,1589,60,"2017-05-24 04:11:24.494-07","wooster.lon5"
"SuncorpPI_Display_Campaign_Prospecting_USD_Home_CROSSBRANDEXCLUSION",1270065271,1589,68,"2017-05-24 04:11:24.497-07","wooster.lon5"
"SuncorpPI_Display_Campaign_Retargeting_USD_Home_CROSSBRANDEXCLUSION",1270065272,1589,54,"2017-05-24 04:11:24.496-07","wooster.lon5"
"SuncorpBank_CreditCards_Retargeting_AUD",1270065277,1589,70,"2017-05-24 04:11:24.492-07","wooster.lon5"
"SuncorpPI_Display_Campaign_Retargeting_AUD_Home_CROSSBRANDEXCLUSION",1270067857,1589,87.5,"2017-05-24 04:11:24.497-07","wooster.lon5"
"SuncorpBank_BusinessBanking_Display_Campaign_Prospecting_USD_BusinessEssentialsBundle",1270068288,1589,250,"2017-05-24 04:11:24.5-07","wooster.lon5"
"SuncorpBank_BusinessBanking_Display_Campaign_Prospecting_AUD_BusinessEssentialsBundle",1270068297,1589,325,"2017-05-24 04:11:24.497-07","wooster.lon5"
"Suncorp CTP_DISPLAY_PERFORMANCE_RETARGETING_USD_OCT2016",1270068307,1589,60,"2017-05-24 04:11:24.49-07","wooster.lon5"
"Suncorp CTP_DISPLAY_PERFORMANCE_RETARGETING_AUD_OCT2016",1270068312,1589,75,"2017-05-24 04:11:24.493-07","wooster.lon5"
"SuncorpPI_Display_Campaign_Prospecting_AdX_Motor_CROSSBRANDEXCLUSION",1270069034,1589,50,"2017-05-24 04:11:24.491-07","wooster.lon5"
"SuncorpPI_Display_Campaign_Retargeting_AdX_Motor_CROSSBRANDEXCLUSION",1270069037,1589,110,"2017-05-24 04:11:24.499-07","wooster.lon5"
"SuncorpPI_Display_Campaign_Prospecting_USD_Motor_CROSSBRANDEXCLUSION",1270069105,1589,22.5,"2017-05-24 04:11:24.492-07","wooster.lon5"
"SuncorpPI_Display_Campaign_Retargeting_USD_Motor_CROSSBRANDEXCLUSION",1270069107,1589,30,"2017-05-24 04:11:24.496-07","wooster.lon5"
"Apia Funeral_Display_Campaign_Prospecting_AUD_USECASE_Lookalikes&BAU",1270069856,1589,60,"2017-05-24 04:11:24.498-07","wooster.lon5"
"Suncorp_Health_Display_Campaign_Retargeting_AUD",1270070858,1589,75,"2017-05-24 04:11:24.499-07","wooster.lon5"
"Suncorp_Health_Display_Campaign_Prospecting_AUD",1270071169,1589,35,"2017-05-24 04:11:24.498-07","wooster.lon5"
"Suncorp_Health_Display_Campaign_Prospecting_USD",1270071171,1589,25,"2017-05-24 04:11:24.486-07","wooster.lon5"
"Suncorp_Health_Display_Campaign_Retargeting_USD",1270071172,1589,75,"2017-05-24 04:11:24.499-07","wooster.lon5"
"Apia Funeral_Display_Campaign_Prospecting_USD_USECASE_Lookalikes&BAU",1270071194,1589,40,"2017-05-24 04:11:24.494-07","wooster.lon5"
"APIA Funeral_Display_Campaign_Retargeting_USD_USECASE_Lookalikes&BAU",1270071196,1589,60,"2017-05-24 04:11:24.501-07","wooster.lon5"
"Suncorp_MyStyle_Display_Campaign_Prospecting_AUD_CROSSBRANDEXCLUSION",1270071516,1589,225,"2017-05-24 04:11:24.49-07","wooster.lon5"
"Suncorp_MyStyle_Display_Campaign_Retargeting_AUD_CROSSBRANDEXCLUSION",1270071517,1589,90,"2017-05-24 04:11:24.493-07","wooster.lon5"
"Suncorp_MyStyle_Display_Campaign_Prospecting_USD_CROSSBRANDEXCLUSION",1270071556,1589,85,"2017-05-24 04:11:24.494-07","wooster.lon5"
"Suncorp_MyStyle_Display_Campaign_Retargeting_USD_CROSSBRANDEXCLUSION",1270071559,1589,67.5,"2017-05-24 04:11:24.49-07","wooster.lon5"
"SuncorpPI_Display_Campaign_Prospecting_AdX_BAU_Motor_TEST",1270072828,1589,75,"2017-05-24 04:11:24.494-07","wooster.lon5"
"SuncorpPI_Display_Campaign_Prospecting_USD_BAU_Motor_TEST",1270072829,1589,32.5,"2017-05-24 04:11:24.5-07","wooster.lon5"
"SuncorpPI_Display_Campaign_Retargeting_AdX_BAU_Motor_TEST",1270072830,1589,110,"2017-05-24 04:11:24.491-07","wooster.lon5"
"SuncorpPI_Display_Campaign_Retargeting_USD_BAU_Motor_TEST",1270072831,1589,30,"2017-05-24 04:11:24.493-07","wooster.lon5"
"SuncorpPI_Display_Campaign_Prospecting_AdX_BAU_Home_TEST",1270072832,1589,60,"2017-05-24 04:11:24.496-07","wooster.lon5"
"SuncorpPI_Display_Campaign_Prospecting_USD_BAU_Home_TEST",1270072833,1589,68,"2017-05-24 04:11:24.496-07","wooster.lon5"
"SuncorpPI_Display_Campaign_Retargeting_USD_BAU_Home_TEST",1270072834,1589,54,"2017-05-24 04:11:24.498-07","wooster.lon5"
"SuncorpPI_Display_Campaign_Retargeting_AUD_BAU_Home_TEST",1270072835,1589,87.5,"2017-05-24 04:11:24.497-07","wooster.lon5"
"Suncorp_MyStyle_Display_Campaign_Prospecting_AUD_BAU_TEST",1270072836,1589,225,"2017-05-24 04:11:24.498-07","wooster.lon5"
"Suncorp_MyStyle_Display_Campaign_Prospecting_USD_BAU_TEST",1270072837,1589,85,"2017-05-24 04:11:24.489-07","wooster.lon5"
"Suncorp_MyStyle_Display_Campaign_Retargeting_AUD_BAU_TEST",1270073266,1589,90,"2017-05-24 04:11:24.496-07","wooster.lon5"
"Suncorp_MyStyle_Display_Campaign_Retargeting_USD_BAU_TEST",1270073267,1589,67.5,"2017-05-24 04:11:24.492-07","wooster.lon5"
"AAMI_BusinessInsurance_Prospecting",1270060478,1827,20,"2017-05-24 04:08:29.774-07","wooster.lon5"
"AAMI_BusinessInsurance_Retargeting",1270060593,1827,88,"2017-05-24 04:08:29.77-07","wooster.lon5"
"AAMI PI_DISPLAY_PERFORMANCE_RETARGETING_USD_MOTORv4_Exclusions",1270070861,2243,120,"2017-05-24 04:09:23.956-07","wooster.lon5"
"AAMI PI_DISPLAY_PERFORMANCE_PROSPECTING_USD_MOTORv4_Exclusions",1270070864,2243,80,"2017-05-24 04:09:23.957-07","wooster.lon5"
"AAMI PI_DISPLAY_PERFORMANCE_RETARGETING_USD_HOMEv4_Exclusions",1270070975,2243,110,"2017-05-24 04:09:23.956-07","wooster.lon5"
"AAMI PI_DISPLAY_PERFORMANCE_PROSPECTING_USD_HOME_NewV2_Exclusions",1270070977,2243,140,"2017-05-24 04:09:23.95-07","wooster.lon5"
"AAMI HEALTH_DISPLAY_PERFORMANCE_PROSPECTING_USD",1270073265,2243,810,"2017-05-24 04:09:23.956-07","wooster.lon5"
"AAMI HEALTH_DISPLAY_PERFORMANCE_RETARGETING_USD",1270073270,2243,346,"2017-05-24 04:09:23.955-07","wooster.lon5"
"APIA PI_Display_Performance_Motor_Retargeting_Exclusions_USD",1270071739,2247,73,"2017-05-24 04:08:42.605-07","wooster.lon5"
"TerriScheer_Retargeting",1270057766,2257,80,"2017-05-24 04:09:00.668-07","wooster.lon5"
"NR - Brand | Dealers QLD - (b)",1700000005,857,22.06,"2017-05-24 01:16:08.504-07","wooster.lon5"
"NR - Brand | Dealers QLD - (b)",1700000005,857,22.06,"2017-05-24 01:16:08.572-07","wooster.lon5"
"NR - Brand | Dealers QLD - (b)",1700000005,857,26.21,"2017-05-24 07:19:58.699-07","wooster.lon5"
"NR - Brand | Dealers QLD - (b)",1700000005,857,28.55,"2017-05-24 19:29:13.365-07","wooster.lon5"
"NR - Brand | Dealers Brisbane - (b)",1700000006,857,11.6,"2017-05-24 01:16:09.507-07","wooster.lon5"
"NR - Brand | Dealers Brisbane - (b)",1700000006,857,11.6,"2017-05-24 01:16:09.558-07","wooster.lon5"
"NR - Brand | Dealers Brisbane - (b)",1700000006,857,11.52,"2017-05-24 07:17:44.674-07","wooster.lon5"
"NR - Brand | Dealers Brisbane - (b)",1700000006,857,18,"2017-05-24 19:28:14.347-07","wooster.lon5"
"ER - Brand | Dealers - (b)",1700000007,857,53.3,"2017-05-24 01:16:10.317-07","wooster.lon5"
"ER - Brand | Dealers - (b)",1700000007,857,53.3,"2017-05-24 01:16:10.381-07","wooster.lon5"
"ER - Brand | Dealers - (b)",1700000007,857,54.97,"2017-05-24 07:17:56.057-07","wooster.lon5"
"SR - Brand | VIC - Dealers VIC - (b)",1700000015,857,5,"2017-05-24 01:16:17.821-07","wooster.lon5"
"SR - Brand | VIC - Dealers VIC - (b)",1700000015,857,5,"2017-05-24 01:16:17.869-07","wooster.lon5"
"NR - Generic | Dealers Brisbane - (e)",1700000085,857,44.54,"2017-05-24 01:17:13.927-07","wooster.lon5"
"NR - Generic | Dealers Brisbane - (e)",1700000085,857,44.54,"2017-05-24 01:17:13.979-07","wooster.lon5"
"NR - Generic | Dealers Brisbane - (e)",1700000085,857,39.25,"2017-05-24 07:19:33.583-07","wooster.lon5"
"NR - Generic | Dealers Brisbane - (e)",1700000085,857,21.11,"2017-05-24 19:29:04.959-07","wooster.lon5"
"NR - Generic | Dealers QLD - (e)",1700000087,857,5.33,"2017-05-24 01:17:15.333-07","wooster.lon5"
"NR - Generic | Dealers QLD - (e)",1700000087,857,5.33,"2017-05-24 01:17:15.39-07","wooster.lon5"
"NR - Generic | Dealers QLD - (e)",1700000087,857,5,"2017-05-24 07:19:12.848-07","wooster.lon5"
"Brand - GT-R - (e)",1700000139,857,37.35,"2017-05-24 01:17:43.236-07","wooster.lon5"
"Brand - GT-R - (e)",1700000139,857,37.35,"2017-05-24 01:17:43.281-07","wooster.lon5"
"Brand - GT-R - (e)",1700000139,857,36.14,"2017-05-24 07:19:45.775-07","wooster.lon5"
"Nissan_Retargeting_SUV/Navara_USD",1700000579,857,714,"2017-05-24 04:04:39.37-07","wooster.lon5"
"Nissan_Prospecting_SUV/Navara_USD",1700000580,857,2856,"2017-05-24 04:04:39.361-07","wooster.lon5"
"AUS - 02B: Brand Location Broad",1700000005,844,50,"2017-05-24 01:10:57.469-07","wooster.lon5"
"AUS - 02B: Brand Location Broad",1700000005,844,50,"2017-05-24 01:10:57.505-07","wooster.lon5"
"NZ - 00B: Brand Head Broad",1700000015,844,100,"2017-05-24 01:11:06.277-07","wooster.lon5"
"NZ - 00B: Brand Head Broad",1700000015,844,100,"2017-05-24 01:11:06.315-07","wooster.lon5"
"AUS - 39B: Generic Location Mediterranean Broad",1700000089,844,287.87,"2017-05-24 01:12:11.205-07","wooster.lon5"
"AUS - 39B: Generic Location Mediterranean Broad",1700000089,844,287.87,"2017-05-24 01:12:11.265-07","wooster.lon5"
"AUS - 39B: Generic Location Mediterranean Broad",1700000089,844,285.08,"2017-05-24 07:17:00.694-07","wooster.lon5"
"RTB_AP_RMK_Destinations_ALL",1700000774,844,260,"2017-05-24 04:13:50.018-07","wooster.lon5"
