"username","db_tag","userid","tzid","dc"
"bonneville","c520",3737,20,"or1"
"vitas_healthcare","c1204",4694,40,"or1"
"crocs_us_ca","c686",4035,20,"or1"
"ecobee","c1363",5101,40,"or1"
"sears_qa","c1120",4356,40,"or1"
"redbox","c1003",4429,17,"or1"
"acronym_k12","c32",2165,31,"or1"
"palo_alto_networks","c1027",4461,27,"or1"
"td_ameritrade","c28",2521,17,"or1"
"duffey_kettering","c1287",4815,31,"or1"
"mgm_resorts","c1245",4737,27,"or1"
"tommy_na","c1318",5100,27,"or1"
"tommy_apac","c1318",5099,67,"or1"
"pepperjam","c1369",5107,31,"or1"
"duffy_cu","c1201",4696,31,"or1"
"ehealth_insurance","c1026",4462,27,"or1"
"express_scripts","c1391",5135,17,"or1"
"duffey_mercedes","c1401",5146,31,"or1"
"duffey_karmanos","c1399",5144,31,"or1"
"accuen_fedex","c1406",5151,31,"or1"
"build_direct","c1172",4652,41,"or1"
"cort_furniture","c1086",4542,31,"or1"
"thermo_fisher_scientific","c1322",3652,27,"or1"
"computer_sciences_corp","c1432",5181,31,"or1"
"la_quinta","c1395",5139,17,"or1"
"pepperjam_sallie_mae","c1439",5189,31,"or1"
"nordstrom_inc","c1388",5132,27,"or1"
"adobe_systems","c1319",3085,27,"or1"
"mobiles","c10065",2792,102,"lon5"
"helvetia_ch","c10236",76,123,"lon5"
"woolworths_supermarket","c10827",800,79,"lon5"
"starcom_suncorp_aami","c27",2243,81,"lon5"
"starcom_suncorp_apia","c27",2247,81,"lon5"
"starcom_suncorp_commercial","c27",1827,81,"lon5"
"starcom_suncorp","c27",1589,81,"lon5"
"starcom_suncorp_terrischeers","c27",2257,81,"lon5"
"starcom_suncorp_gio","c27",1485,81,"lon5"
"tattsgroup_lotteries","c875",4254,81,"lon5"
"prettynailshop24.de","c10780",726,89,"lon5"
"woolworths_rewards","c10751",709,79,"lon5"
"avis_fr","c10821",793,110,"lon5"
"astro","c10932",908,252,"lon5"
"iflix_mena","c10941",918,2,"lon5"
"buxglobal","c10931",907,79,"lon5"
"william_hill_au","c93",3197,79,"lon5"
"silversea_us_lam","c10868",843,31,"lon5"
"silversea_eu_uk","c10870",845,102,"lon5"
"silversea_asia","c10869",844,79,"lon5"
"nissan_au","c10882",857,79,"lon5"
"ais","c10923",897,247,"lon5"
"nykaa","c10667",599,48,"lon5"
